Risk & Performance Analysis,,,,,,
,,,,,,
Annualized Metrics,,,,,,
Asset,Annualized Return,Annualized Volatility,Sharpe Ratio,Maximum Drawdown,,
Reliance Industries,10.1%,20.1%,0.18,—,,
HDFC Bank,8.2%,18.5%,0.09,—,,
TCS,2.4%,19.8%,(0.21),—,,
ICICI Bank,15.1%,17.6%,0.49,—,,
Infosys,4.9%,23.7%,(0.07),—,,
Portfolio,9.1%,13.4%,0.20,(14.7%),,
NIFTY 50,12.8%,12.0%,0.53,(15.8%),,
,,,,,,
Cumulative Performance & Drawdown,,,,,,
Date,Portfolio Index,Portfolio Running Peak,Portfolio Drawdown,NIFTY 50 Index,NIFTY Running Peak,NIFTY 50 Drawdown
02-Jan-2023,100.00,100.00,-,100.00,100.00,-
03-Jan-2023,100.25,100.25,-,100.19,100.19,-
04-Jan-2023,99.14,100.25,(1.11%),99.15,100.19,(1.04%)
05-Jan-2023,98.39,100.25,(1.86%),98.87,100.19,(1.32%)
06-Jan-2023,97.52,100.25,(2.73%),98.14,100.19,(2.05%)
09-Jan-2023,99.22,100.25,(1.03%),99.47,100.19,(0.72%)
10-Jan-2023,97.85,100.25,(2.40%),98.44,100.19,(1.75%)
11-Jan-2023,98.24,100.25,(2.01%),98.34,100.19,(1.85%)
12-Jan-2023,97.87,100.25,(2.38%),98.14,100.19,(2.05%)
13-Jan-2023,98.53,100.25,(1.71%),98.68,100.19,(1.51%)
16-Jan-2023,98.35,100.25,(1.90%),98.34,100.19,(1.85%)
17-Jan-2023,99.46,100.25,(0.80%),99.21,100.19,(0.98%)
18-Jan-2023,100.05,100.25,(0.20%),99.82,100.19,(0.37%)
19-Jan-2023,99.91,100.25,(0.34%),99.51,100.19,(0.68%)
20-Jan-2023,99.75,100.25,(0.50%),99.07,100.19,(1.12%)
23-Jan-2023,100.36,100.36,-,99.57,100.19,(0.63%)
24-Jan-2023,100.70,100.70,-,99.57,100.19,(0.63%)
25-Jan-2023,99.26,100.70,(1.43%),98.32,100.19,(1.87%)
27-Jan-2023,97.29,100.70,(3.38%),96.74,100.19,(3.45%)
30-Jan-2023,97.93,100.70,(2.75%),96.99,100.19,(3.20%)
31-Jan-2023,97.38,100.70,(3.29%),97.06,100.19,(3.13%)
01-Feb-2023,98.34,100.70,(2.34%),96.81,100.19,(3.38%)
02-Feb-2023,98.62,100.70,(2.06%),96.77,100.19,(3.41%)
03-Feb-2023,99.87,100.70,(0.82%),98.11,100.19,(2.08%)
06-Feb-2023,98.99,100.70,(1.69%),97.62,100.19,(2.57%)
07-Feb-2023,98.96,100.70,(1.73%),97.38,100.19,(2.80%)
08-Feb-2023,100.09,100.70,(0.60%),98.21,100.19,(1.98%)
09-Feb-2023,100.48,100.70,(0.21%),98.33,100.19,(1.86%)
10-Feb-2023,100.16,100.70,(0.53%),98.13,100.19,(2.06%)
13-Feb-2023,99.28,100.70,(1.40%),97.66,100.19,(2.53%)
14-Feb-2023,100.70,100.70,-,98.53,100.19,(1.66%)
15-Feb-2023,101.47,101.47,-,99.00,100.19,(1.19%)
16-Feb-2023,101.59,101.59,-,99.11,100.19,(1.08%)
17-Feb-2023,100.96,101.59,(0.63%),98.61,100.19,(1.58%)
20-Feb-2023,100.27,101.59,(1.30%),98.06,100.19,(2.13%)
21-Feb-2023,100.27,101.59,(1.30%),97.96,100.19,(2.23%)
22-Feb-2023,98.50,101.59,(3.05%),96.47,100.19,(3.72%)
23-Feb-2023,98.19,101.59,(3.35%),96.23,100.19,(3.96%)
24-Feb-2023,98.06,101.59,(3.48%),95.98,100.19,(4.21%)
27-Feb-2023,97.46,101.59,(4.07%),95.58,100.19,(4.61%)
28-Feb-2023,96.75,101.59,(4.77%),95.09,100.19,(5.09%)
01-Mar-2023,97.48,101.59,(4.05%),95.90,100.19,(4.29%)
02-Mar-2023,96.44,101.59,(5.07%),95.19,100.19,(4.99%)
03-Mar-2023,97.97,101.59,(3.56%),96.69,100.19,(3.50%)
06-Mar-2023,98.83,101.59,(2.72%),97.33,100.19,(2.86%)
08-Mar-2023,99.00,101.59,(2.55%),97.57,100.19,(2.62%)
09-Mar-2023,97.70,101.59,(3.83%),96.66,100.19,(3.53%)
10-Mar-2023,96.34,101.59,(5.17%),95.69,100.19,(4.50%)
13-Mar-2023,94.75,101.59,(6.73%),94.27,100.19,(5.91%)
14-Mar-2023,94.10,101.59,(7.38%),93.66,100.19,(6.52%)
15-Mar-2023,93.19,101.59,(8.27%),93.27,100.19,(6.91%)
16-Mar-2023,92.95,101.59,(8.50%),93.34,100.19,(6.84%)
17-Mar-2023,93.58,101.59,(7.89%),93.97,100.19,(6.21%)
20-Mar-2023,92.81,101.59,(8.65%),93.36,100.19,(6.82%)
21-Mar-2023,93.71,101.59,(7.76%),94.01,100.19,(6.17%)
22-Mar-2023,93.99,101.59,(7.49%),94.25,100.19,(5.93%)
23-Mar-2023,93.24,101.59,(8.22%),93.84,100.19,(6.34%)
24-Mar-2023,92.73,101.59,(8.73%),93.12,100.19,(7.06%)
27-Mar-2023,93.22,101.59,(8.24%),93.34,100.19,(6.84%)
28-Mar-2023,93.47,101.59,(8.00%),93.15,100.19,(7.03%)
29-Mar-2023,93.58,101.59,(7.89%),93.86,100.19,(6.32%)
31-Mar-2023,96.19,101.59,(5.32%),95.40,100.19,(4.79%)
03-Apr-2023,96.11,101.59,(5.40%),95.61,100.19,(4.58%)
05-Apr-2023,97.08,101.59,(4.44%),96.48,100.19,(3.70%)
06-Apr-2023,97.14,101.59,(4.39%),96.71,100.19,(3.47%)
10-Apr-2023,97.06,101.59,(4.47%),96.85,100.19,(3.34%)
11-Apr-2023,96.96,101.59,(4.56%),97.39,100.19,(2.80%)
12-Apr-2023,97.91,101.59,(3.62%),97.88,100.19,(2.30%)
13-Apr-2023,97.54,101.59,(3.99%),97.97,100.19,(2.22%)
17-Apr-2023,95.65,101.59,(5.85%),97.30,100.19,(2.88%)
18-Apr-2023,95.16,101.59,(6.33%),97.05,100.19,(3.14%)
19-Apr-2023,94.73,101.59,(6.75%),96.82,100.19,(3.37%)
20-Apr-2023,94.79,101.59,(6.69%),96.85,100.19,(3.34%)
21-Apr-2023,95.11,101.59,(6.38%),96.85,100.19,(3.34%)
24-Apr-2023,95.77,101.59,(5.73%),97.50,100.19,(2.68%)
25-Apr-2023,95.74,101.59,(5.76%),97.65,100.19,(2.54%)
26-Apr-2023,95.90,101.59,(5.60%),97.89,100.19,(2.30%)
27-Apr-2023,96.40,101.59,(5.12%),98.45,100.19,(1.74%)
28-Apr-2023,97.19,101.59,(4.34%),99.27,100.19,(0.92%)
02-May-2023,97.75,101.59,(3.79%),99.73,100.19,(0.47%)
03-May-2023,97.30,101.59,(4.23%),99.41,100.19,(0.78%)
04-May-2023,98.36,101.59,(3.18%),100.32,100.32,-
05-May-2023,96.82,101.59,(4.70%),99.29,100.32,(1.02%)
08-May-2023,97.76,101.59,(3.77%),100.37,100.37,-
09-May-2023,98.04,101.59,(3.50%),100.38,100.38,-
10-May-2023,98.28,101.59,(3.26%),100.65,100.65,-
11-May-2023,98.08,101.59,(3.46%),100.55,100.65,(0.10%)
12-May-2023,98.23,101.59,(3.31%),100.64,100.65,(0.00%)
15-May-2023,98.47,101.59,(3.07%),101.11,101.11,-
16-May-2023,98.08,101.59,(3.46%),100.49,101.11,(0.61%)
17-May-2023,97.19,101.59,(4.33%),99.91,101.11,(1.18%)
18-May-2023,97.28,101.59,(4.24%),99.63,101.11,(1.46%)
19-May-2023,97.92,101.59,(3.62%),100.03,101.11,(1.06%)
22-May-2023,98.64,101.59,(2.91%),100.64,101.11,(0.46%)
23-May-2023,98.70,101.59,(2.85%),100.83,101.11,(0.28%)
24-May-2023,98.05,101.59,(3.48%),100.48,101.11,(0.62%)
25-May-2023,97.95,101.59,(3.59%),100.68,101.11,(0.42%)
26-May-2023,99.24,101.59,(2.32%),101.66,101.66,-
29-May-2023,99.56,101.59,(2.00%),102.20,102.20,-
30-May-2023,99.68,101.59,(1.88%),102.40,102.40,-
31-May-2023,98.56,101.59,(2.99%),101.85,102.40,(0.53%)
01-Jun-2023,98.40,101.59,(3.14%),101.60,102.40,(0.78%)
02-Jun-2023,98.25,101.59,(3.29%),101.85,102.40,(0.54%)
05-Jun-2023,98.53,101.59,(3.01%),102.18,102.40,(0.21%)
06-Jun-2023,97.78,101.59,(3.76%),102.21,102.40,(0.19%)
07-Jun-2023,98.43,101.59,(3.11%),102.91,102.91,-
08-Jun-2023,98.13,101.59,(3.41%),102.40,102.91,(0.49%)
09-Jun-2023,97.62,101.59,(3.91%),102.01,102.91,(0.87%)
12-Jun-2023,97.99,101.59,(3.54%),102.22,102.91,(0.67%)
13-Jun-2023,98.64,101.59,(2.90%),102.85,102.91,(0.05%)
14-Jun-2023,98.86,101.59,(2.69%),103.07,103.07,-
15-Jun-2023,98.13,101.59,(3.41%),102.70,103.07,(0.36%)
16-Jun-2023,98.61,101.59,(2.93%),103.45,103.45,-
19-Jun-2023,98.46,101.59,(3.08%),103.07,103.45,(0.37%)
20-Jun-2023,98.82,101.59,(2.73%),103.40,103.45,(0.05%)
21-Jun-2023,99.45,101.59,(2.11%),103.62,103.62,-
22-Jun-2023,98.98,101.59,(2.57%),103.15,103.62,(0.45%)
23-Jun-2023,98.41,101.59,(3.13%),102.57,103.62,(1.01%)
26-Jun-2023,98.07,101.59,(3.47%),102.71,103.62,(0.88%)
27-Jun-2023,98.71,101.59,(2.84%),103.41,103.62,(0.21%)
28-Jun-2023,99.59,101.59,(1.97%),104.26,104.26,-
30-Jun-2023,101.15,101.59,(0.43%),105.45,105.45,-
03-Jul-2023,102.00,102.00,-,106.18,106.18,-
04-Jul-2023,102.26,102.26,-,106.55,106.55,-
05-Jul-2023,101.71,102.26,(0.53%),106.60,106.60,-
06-Jul-2023,102.27,102.27,-,107.14,107.14,-
07-Jul-2023,101.67,102.27,(0.58%),106.23,107.14,(0.85%)
10-Jul-2023,102.26,102.27,(0.01%),106.37,107.14,(0.73%)
11-Jul-2023,102.59,102.59,-,106.82,107.14,(0.30%)
12-Jul-2023,102.11,102.59,(0.46%),106.52,107.14,(0.58%)
13-Jul-2023,103.07,103.07,-,106.68,107.14,(0.43%)
14-Jul-2023,104.93,104.93,-,107.51,107.51,-
17-Jul-2023,105.99,105.99,-,108.32,108.32,-
18-Jul-2023,106.92,106.92,-,108.53,108.53,-
19-Jul-2023,107.04,107.04,-,108.99,108.99,-
20-Jul-2023,107.17,107.17,-,109.79,109.79,-
21-Jul-2023,104.26,107.17,(2.71%),108.50,109.79,(1.17%)
24-Jul-2023,103.92,107.17,(3.03%),108.10,109.79,(1.54%)
25-Jul-2023,104.23,107.17,(2.74%),108.15,109.79,(1.49%)
26-Jul-2023,104.69,107.17,(2.31%),108.69,109.79,(1.01%)
27-Jul-2023,104.18,107.17,(2.79%),108.04,109.79,(1.60%)
28-Jul-2023,103.68,107.17,(3.26%),107.96,109.79,(1.67%)
31-Jul-2023,104.63,107.17,(2.37%),108.55,109.79,(1.13%)
01-Aug-2023,104.68,107.17,(2.33%),108.44,109.79,(1.23%)
02-Aug-2023,103.77,107.17,(3.17%),107.30,109.79,(2.27%)
03-Aug-2023,102.97,107.17,(3.92%),106.51,109.79,(2.99%)
04-Aug-2023,104.20,107.17,(2.77%),107.25,109.79,(2.31%)
07-Aug-2023,104.83,107.17,(2.19%),107.69,109.79,(1.91%)
08-Aug-2023,104.60,107.17,(2.39%),107.55,109.79,(2.04%)
09-Aug-2023,104.80,107.17,(2.21%),107.89,109.79,(1.73%)
10-Aug-2023,104.36,107.17,(2.62%),107.39,109.79,(2.18%)
11-Aug-2023,103.86,107.17,(3.09%),106.76,109.79,(2.76%)
14-Aug-2023,104.40,107.17,(2.58%),106.80,109.79,(2.73%)
16-Aug-2023,104.59,107.17,(2.41%),106.97,109.79,(2.57%)
17-Aug-2023,103.77,107.17,(3.17%),106.42,109.79,(3.07%)
18-Aug-2023,103.18,107.17,(3.73%),106.11,109.79,(3.35%)
21-Aug-2023,103.35,107.17,(3.57%),106.57,109.79,(2.93%)
22-Aug-2023,103.04,107.17,(3.85%),106.59,109.79,(2.92%)
23-Aug-2023,103.52,107.17,(3.41%),106.85,109.79,(2.68%)
24-Aug-2023,103.11,107.17,(3.79%),106.54,109.79,(2.97%)
25-Aug-2023,102.64,107.17,(4.22%),105.87,109.79,(3.57%)
28-Aug-2023,102.57,107.17,(4.29%),106.09,109.79,(3.37%)
29-Aug-2023,102.51,107.17,(4.35%),106.29,109.79,(3.19%)
30-Aug-2023,102.44,107.17,(4.41%),106.32,109.79,(3.16%)
31-Aug-2023,102.00,107.17,(4.82%),105.80,109.79,(3.63%)
01-Sep-2023,102.50,107.17,(4.36%),106.80,109.79,(2.72%)
04-Sep-2023,103.08,107.17,(3.82%),107.32,109.79,(2.25%)
05-Sep-2023,103.29,107.17,(3.62%),107.57,109.79,(2.02%)
06-Sep-2023,103.50,107.17,(3.43%),107.77,109.79,(1.84%)
07-Sep-2023,103.95,107.17,(3.01%),108.41,109.79,(1.26%)
08-Sep-2023,104.36,107.17,(2.63%),108.92,109.79,(0.80%)
11-Sep-2023,105.21,107.17,(1.83%),109.89,109.89,-
12-Sep-2023,105.97,107.17,(1.12%),109.87,109.89,(0.02%)
13-Sep-2023,106.10,107.17,(1.00%),110.29,110.29,-
14-Sep-2023,106.12,107.17,(0.98%),110.47,110.47,-
15-Sep-2023,106.83,107.17,(0.32%),110.96,110.96,-
18-Sep-2023,105.87,107.17,(1.21%),110.64,110.96,(0.29%)
20-Sep-2023,104.15,107.17,(2.81%),109.36,110.96,(1.44%)
21-Sep-2023,103.35,107.17,(3.56%),108.49,110.96,(2.23%)
22-Sep-2023,102.75,107.17,(4.12%),108.12,110.96,(2.57%)
25-Sep-2023,102.34,107.17,(4.51%),108.12,110.96,(2.56%)
26-Sep-2023,102.26,107.17,(4.58%),108.06,110.96,(2.61%)
27-Sep-2023,102.36,107.17,(4.49%),108.35,110.96,(2.36%)
28-Sep-2023,101.34,107.17,(5.44%),107.29,110.96,(3.31%)
29-Sep-2023,101.56,107.17,(5.24%),107.92,110.96,(2.74%)
03-Oct-2023,100.68,107.17,(6.06%),107.32,110.96,(3.29%)
04-Oct-2023,101.08,107.17,(5.69%),106.81,110.96,(3.75%)
05-Oct-2023,101.85,107.17,(4.96%),107.41,110.96,(3.20%)
06-Oct-2023,102.28,107.17,(4.57%),108.00,110.96,(2.67%)
09-Oct-2023,101.72,107.17,(5.09%),107.23,110.96,(3.37%)
10-Oct-2023,102.33,107.17,(4.52%),108.20,110.96,(2.49%)
11-Oct-2023,102.90,107.17,(3.99%),108.87,110.96,(1.89%)
12-Oct-2023,102.45,107.17,(4.40%),108.77,110.96,(1.97%)
13-Oct-2023,101.98,107.17,(4.85%),108.54,110.96,(2.19%)
16-Oct-2023,101.58,107.17,(5.21%),108.43,110.96,(2.28%)
17-Oct-2023,101.93,107.17,(4.89%),108.87,110.96,(1.89%)
18-Oct-2023,100.94,107.17,(5.82%),108.10,110.96,(2.58%)
19-Oct-2023,100.33,107.17,(6.38%),107.84,110.96,(2.81%)
20-Oct-2023,100.49,107.17,(6.23%),107.39,110.96,(3.22%)
23-Oct-2023,99.10,107.17,(7.53%),105.96,110.96,(4.51%)
25-Oct-2023,98.33,107.17,(8.25%),105.08,110.96,(5.30%)
26-Oct-2023,96.90,107.17,(9.59%),103.63,110.96,(6.61%)
27-Oct-2023,97.79,107.17,(8.75%),104.67,110.96,(5.67%)
30-Oct-2023,98.88,107.17,(7.73%),105.18,110.96,(5.21%)
31-Oct-2023,98.17,107.17,(8.40%),104.85,110.96,(5.51%)
01-Nov-2023,97.84,107.17,(8.70%),104.35,110.96,(5.96%)
02-Nov-2023,98.56,107.17,(8.03%),105.14,110.96,(5.25%)
03-Nov-2023,99.05,107.17,(7.58%),105.68,110.96,(4.76%)
06-Nov-2023,99.95,107.17,(6.74%),106.67,110.96,(3.87%)
07-Nov-2023,99.66,107.17,(7.01%),106.65,110.96,(3.89%)
08-Nov-2023,99.59,107.17,(7.08%),106.85,110.96,(3.71%)
09-Nov-2023,98.87,107.17,(7.75%),106.58,110.96,(3.95%)
10-Nov-2023,98.89,107.17,(7.73%),106.75,110.96,(3.80%)
13-Nov-2023,98.81,107.17,(7.80%),106.85,110.96,(3.71%)
15-Nov-2023,100.45,107.17,(6.27%),108.12,110.96,(2.56%)
16-Nov-2023,101.40,107.17,(5.38%),108.62,110.96,(2.12%)
17-Nov-2023,101.01,107.17,(5.75%),108.43,110.96,(2.28%)
20-Nov-2023,101.03,107.17,(5.73%),108.22,110.96,(2.47%)
21-Nov-2023,101.61,107.17,(5.19%),108.72,110.96,(2.03%)
22-Nov-2023,101.88,107.17,(4.94%),108.87,110.96,(1.88%)
23-Nov-2023,101.89,107.17,(4.93%),108.82,110.96,(1.93%)
24-Nov-2023,101.74,107.17,(5.07%),108.78,110.96,(1.97%)
28-Nov-2023,101.76,107.17,(5.05%),109.30,110.96,(1.50%)
29-Nov-2023,103.00,107.17,(3.89%),110.44,110.96,(0.47%)
30-Nov-2023,102.47,107.17,(4.39%),110.64,110.96,(0.29%)
01-Dec-2023,102.90,107.17,(3.99%),111.38,111.38,-
04-Dec-2023,104.93,107.17,(2.09%),113.68,113.68,-
05-Dec-2023,105.70,107.17,(1.37%),114.60,114.60,-
06-Dec-2023,106.52,107.17,(0.61%),115.06,115.06,-
07-Dec-2023,106.43,107.17,(0.70%),114.86,115.06,(0.17%)
08-Dec-2023,107.32,107.32,-,115.23,115.23,-
11-Dec-2023,107.49,107.49,-,115.38,115.38,-
12-Dec-2023,106.85,107.49,(0.59%),114.89,115.38,(0.43%)
13-Dec-2023,106.12,107.49,(1.27%),115.00,115.38,(0.34%)
14-Dec-2023,108.08,108.08,-,116.40,116.40,-
15-Dec-2023,110.56,110.56,-,117.91,117.91,-
18-Dec-2023,110.42,110.56,(0.13%),117.70,117.91,(0.18%)
19-Dec-2023,110.37,110.56,(0.18%),117.89,117.91,(0.02%)
20-Dec-2023,109.52,110.56,(0.94%),116.23,117.91,(1.43%)
21-Dec-2023,110.40,110.56,(0.15%),116.80,117.91,(0.94%)
22-Dec-2023,110.50,110.56,(0.06%),117.32,117.91,(0.50%)
26-Dec-2023,110.48,110.56,(0.08%),117.83,117.91,(0.07%)
27-Dec-2023,111.37,111.37,-,119.00,119.00,-
28-Dec-2023,111.56,111.56,-,119.68,119.68,-
29-Dec-2023,111.00,111.56,(0.50%),119.42,119.68,(0.22%)
01-Jan-2024,111.11,111.56,(0.40%),119.48,119.68,(0.17%)
02-Jan-2024,110.73,111.56,(0.74%),119.06,119.68,(0.52%)
03-Jan-2024,109.02,111.56,(2.28%),118.24,119.68,(1.20%)
04-Jan-2024,109.60,111.56,(1.75%),119.02,119.68,(0.55%)
05-Jan-2024,110.33,111.56,(1.10%),119.31,119.68,(0.31%)
08-Jan-2024,109.15,111.56,(2.15%),118.22,119.68,(1.22%)
09-Jan-2024,108.97,111.56,(2.32%),118.39,119.68,(1.07%)
10-Jan-2024,110.05,111.56,(1.35%),118.80,119.68,(0.73%)
11-Jan-2024,110.48,111.56,(0.96%),118.96,119.68,(0.60%)
12-Jan-2024,112.97,112.97,-,120.32,120.32,-
15-Jan-2024,114.63,114.63,-,121.43,121.43,-
16-Jan-2024,113.87,114.63,(0.67%),121.07,121.43,(0.29%)
17-Jan-2024,110.96,114.63,(3.21%),118.54,121.43,(2.38%)
18-Jan-2024,110.37,114.63,(3.72%),117.94,121.43,(2.87%)
19-Jan-2024,110.84,114.63,(3.31%),118.82,121.43,(2.15%)
23-Jan-2024,109.08,114.63,(4.84%),116.71,121.43,(3.89%)
24-Jan-2024,109.71,114.63,(4.30%),117.90,121.43,(2.91%)
25-Jan-2024,109.43,114.63,(4.54%),117.34,121.43,(3.37%)
29-Jan-2024,111.66,114.63,(2.60%),119.45,121.43,(1.63%)
30-Jan-2024,110.63,114.63,(3.49%),118.27,121.43,(2.60%)
31-Jan-2024,111.73,114.63,(2.54%),119.39,121.43,(1.68%)
01-Feb-2024,111.93,114.63,(2.36%),119.23,121.43,(1.81%)
02-Feb-2024,113.16,114.63,(1.29%),120.09,121.43,(1.10%)
05-Feb-2024,112.74,114.63,(1.65%),119.64,121.43,(1.47%)
06-Feb-2024,113.90,114.63,(0.64%),120.51,121.43,(0.76%)
07-Feb-2024,113.19,114.63,(1.26%),120.51,121.43,(0.76%)
08-Feb-2024,112.54,114.63,(1.83%),119.35,121.43,(1.72%)
09-Feb-2024,112.89,114.63,(1.52%),119.70,121.43,(1.43%)
12-Feb-2024,112.25,114.63,(2.08%),118.79,121.43,(2.18%)
13-Feb-2024,113.19,114.63,(1.26%),119.49,121.43,(1.60%)
14-Feb-2024,112.88,114.63,(1.53%),120.02,121.43,(1.16%)
15-Feb-2024,113.31,114.63,(1.15%),120.41,121.43,(0.84%)
16-Feb-2024,113.74,114.63,(0.78%),121.12,121.43,(0.26%)
19-Feb-2024,114.13,114.63,(0.44%),121.57,121.57,-
20-Feb-2024,114.35,114.63,(0.24%),121.98,121.98,-
21-Feb-2024,113.52,114.63,(0.97%),121.20,121.98,(0.64%)
22-Feb-2024,114.39,114.63,(0.22%),122.09,122.09,-
23-Feb-2024,114.37,114.63,(0.23%),122.06,122.09,(0.02%)
26-Feb-2024,113.71,114.63,(0.80%),121.57,122.09,(0.43%)
27-Feb-2024,114.36,114.63,(0.24%),121.99,122.09,(0.09%)
28-Feb-2024,113.50,114.63,(0.99%),120.63,122.09,(1.20%)
29-Feb-2024,113.47,114.63,(1.02%),120.80,122.09,(1.06%)
01-Mar-2024,114.99,114.99,-,122.76,122.76,-
04-Mar-2024,115.15,115.15,-,123.12,123.12,-
05-Mar-2024,114.40,115.15,(0.65%),122.85,123.12,(0.22%)
06-Mar-2024,115.05,115.15,(0.09%),123.50,123.50,-
07-Mar-2024,114.75,115.15,(0.35%),123.61,123.61,-
11-Mar-2024,113.91,115.15,(1.08%),122.72,123.61,(0.72%)
12-Mar-2024,115.21,115.21,-,122.74,123.61,(0.70%)
13-Mar-2024,114.24,115.21,(0.84%),120.88,123.61,(2.20%)
14-Mar-2024,114.89,115.21,(0.27%),121.70,123.61,(1.54%)
15-Mar-2024,114.38,115.21,(0.72%),121.02,123.61,(2.09%)
18-Mar-2024,114.00,115.21,(1.05%),121.20,123.61,(1.95%)
19-Mar-2024,112.43,115.21,(2.41%),119.89,123.61,(3.01%)
20-Mar-2024,112.34,115.21,(2.49%),120.01,123.61,(2.91%)
21-Mar-2024,112.73,115.21,(2.15%),120.96,123.61,(2.14%)
22-Mar-2024,112.04,115.21,(2.75%),121.43,123.61,(1.76%)
26-Mar-2024,110.97,115.21,(3.68%),120.92,123.61,(2.17%)
27-Mar-2024,111.94,115.21,(2.83%),121.58,123.61,(1.64%)
28-Mar-2024,112.47,115.21,(2.38%),122.69,123.61,(0.74%)
01-Apr-2024,113.19,115.21,(1.75%),123.43,123.61,(0.14%)
02-Apr-2024,112.80,115.21,(2.09%),123.39,123.61,(0.18%)
03-Apr-2024,112.83,115.21,(2.06%),123.28,123.61,(0.26%)
04-Apr-2024,113.94,115.21,(1.10%),123.72,123.72,-
05-Apr-2024,114.14,115.21,(0.92%),123.72,123.72,(0.00%)
08-Apr-2024,114.59,115.21,(0.54%),124.56,124.56,-
09-Apr-2024,114.57,115.21,(0.55%),124.43,124.56,(0.10%)
10-Apr-2024,115.05,115.21,(0.14%),125.04,125.04,-
12-Apr-2024,114.25,115.21,(0.83%),123.75,125.04,(1.03%)
15-Apr-2024,112.81,115.21,(2.08%),122.39,125.04,(2.12%)
16-Apr-2024,111.91,115.21,(2.86%),121.71,125.04,(2.66%)
18-Apr-2024,111.43,115.21,(3.28%),120.87,125.04,(3.33%)
19-Apr-2024,112.11,115.21,(2.69%),121.70,125.04,(2.67%)
22-Apr-2024,112.73,115.21,(2.15%),122.74,125.04,(1.83%)
23-Apr-2024,112.48,115.21,(2.36%),122.92,125.04,(1.70%)
24-Apr-2024,112.09,115.21,(2.70%),123.11,125.04,(1.54%)
25-Apr-2024,112.74,115.21,(2.14%),124.03,125.04,(0.81%)
26-Apr-2024,112.21,115.21,(2.60%),123.20,125.04,(1.47%)
29-Apr-2024,113.95,115.21,(1.09%),124.43,125.04,(0.49%)
30-Apr-2024,113.21,115.21,(1.73%),124.22,125.04,(0.65%)
02-May-2024,113.45,115.21,(1.53%),124.46,125.04,(0.46%)
03-May-2024,112.53,115.21,(2.32%),123.51,125.04,(1.22%)
06-May-2024,112.93,115.21,(1.97%),123.33,125.04,(1.37%)
07-May-2024,112.57,115.21,(2.29%),122.56,125.04,(1.98%)
08-May-2024,112.17,115.21,(2.64%),122.56,125.04,(1.98%)
09-May-2024,110.96,115.21,(3.69%),120.66,125.04,(3.50%)
10-May-2024,110.90,115.21,(3.74%),121.20,125.04,(3.07%)
13-May-2024,111.59,115.21,(3.14%),121.47,125.04,(2.86%)
14-May-2024,111.69,115.21,(3.06%),122.09,125.04,(2.36%)
15-May-2024,111.06,115.21,(3.60%),122.00,125.04,(2.43%)
16-May-2024,112.43,115.21,(2.41%),123.12,125.04,(1.54%)
17-May-2024,112.21,115.21,(2.60%),123.46,125.04,(1.26%)
21-May-2024,111.78,115.21,(2.98%),123.80,125.04,(0.99%)
22-May-2024,112.43,115.21,(2.41%),124.18,125.04,(0.69%)
23-May-2024,114.48,115.21,(0.63%),126.21,126.21,-
24-May-2024,114.45,115.21,(0.65%),126.16,126.21,(0.05%)
27-May-2024,114.41,115.21,(0.69%),126.02,126.21,(0.15%)
28-May-2024,114.13,115.21,(0.93%),125.78,126.21,(0.35%)
29-May-2024,112.63,115.21,(2.24%),124.77,126.21,(1.14%)
30-May-2024,111.95,115.21,(2.83%),123.58,126.21,(2.09%)
31-May-2024,112.17,115.21,(2.63%),123.81,126.21,(1.90%)
03-Jun-2024,115.25,115.25,-,127.84,127.84,-
04-Jun-2024,110.07,115.25,(4.50%),120.26,127.84,(5.93%)
05-Jun-2024,113.00,115.25,(1.96%),124.31,127.84,(2.77%)
06-Jun-2024,114.39,115.25,(0.75%),125.41,127.84,(1.90%)
07-Jun-2024,116.68,116.68,-,127.99,127.99,-
10-Jun-2024,115.92,116.68,(0.65%),127.82,127.99,(0.13%)
11-Jun-2024,115.52,116.68,(0.99%),127.85,127.99,(0.11%)
12-Jun-2024,115.60,116.68,(0.92%),128.17,128.17,-
13-Jun-2024,115.95,116.68,(0.62%),128.58,128.58,-
14-Jun-2024,116.13,116.68,(0.47%),128.95,128.95,-
18-Jun-2024,116.67,116.68,(0.00%),129.46,129.46,-
19-Jun-2024,117.55,117.55,-,129.23,129.46,(0.18%)
20-Jun-2024,118.20,118.20,-,129.51,129.51,-
21-Jun-2024,118.13,118.20,(0.07%),129.15,129.51,(0.28%)
24-Jun-2024,118.13,118.20,(0.06%),129.35,129.51,(0.12%)
25-Jun-2024,119.81,119.81,-,130.36,130.36,-
26-Jun-2024,121.27,121.27,-,131.17,131.17,-
27-Jun-2024,122.41,122.41,-,132.13,132.13,-
28-Jun-2024,122.31,122.41,(0.08%),131.94,132.13,(0.14%)
01-Jul-2024,123.53,123.53,-,132.67,132.67,-
02-Jul-2024,124.36,124.36,-,132.57,132.67,(0.07%)
03-Jul-2024,124.71,124.71,-,133.46,133.46,-
04-Jul-2024,125.12,125.12,-,133.55,133.55,-
05-Jul-2024,124.30,125.12,(0.66%),133.67,133.67,-
08-Jul-2024,124.37,125.12,(0.60%),133.65,133.67,(0.01%)
09-Jul-2024,124.29,125.12,(0.67%),134.27,134.27,-
10-Jul-2024,123.32,125.12,(1.44%),133.67,134.27,(0.45%)
11-Jul-2024,123.24,125.12,(1.50%),133.62,134.27,(0.48%)
12-Jul-2024,125.78,125.78,-,134.65,134.65,-
15-Jul-2024,125.59,125.78,(0.15%),135.11,135.11,-
16-Jul-2024,125.55,125.78,(0.18%),135.26,135.26,-
18-Jul-2024,127.00,127.00,-,136.29,136.29,-
19-Jul-2024,126.55,127.00,(0.35%),134.80,136.29,(1.09%)
22-Jul-2024,126.13,127.00,(0.69%),134.69,136.29,(1.18%)
23-Jul-2024,125.53,127.00,(1.15%),134.52,136.29,(1.30%)
24-Jul-2024,125.36,127.00,(1.29%),134.16,136.29,(1.56%)
25-Jul-2024,125.15,127.00,(1.46%),134.12,136.29,(1.59%)
26-Jul-2024,126.61,127.00,(0.31%),136.47,136.47,-
29-Jul-2024,126.55,127.00,(0.35%),136.48,136.48,-
30-Jul-2024,126.53,127.00,(0.37%),136.60,136.60,-
31-Jul-2024,126.49,127.00,(0.40%),137.11,137.11,-
01-Aug-2024,126.98,127.00,(0.01%),137.44,137.44,-
02-Aug-2024,125.84,127.00,(0.91%),135.83,137.44,(1.17%)
05-Aug-2024,122.08,127.00,(3.87%),132.19,137.44,(3.82%)
06-Aug-2024,121.99,127.00,(3.94%),131.85,137.44,(4.07%)
07-Aug-2024,123.28,127.00,(2.93%),133.52,137.44,(2.85%)
08-Aug-2024,122.52,127.00,(3.52%),132.53,137.44,(3.57%)
09-Aug-2024,123.93,127.00,(2.42%),133.91,137.44,(2.57%)
12-Aug-2024,124.09,127.00,(2.29%),133.79,137.44,(2.65%)
13-Aug-2024,123.03,127.00,(3.12%),132.65,137.44,(3.49%)
14-Aug-2024,123.81,127.00,(2.51%),132.68,137.44,(3.47%)
16-Aug-2024,126.10,127.00,(0.71%),134.86,137.44,(1.88%)
19-Aug-2024,126.71,127.00,(0.22%),135.03,137.44,(1.75%)
20-Aug-2024,127.31,127.31,-,135.73,137.44,(1.25%)
21-Aug-2024,127.23,127.31,(0.07%),136.12,137.44,(0.96%)
22-Aug-2024,127.39,127.39,-,136.35,137.44,(0.80%)
23-Aug-2024,127.11,127.39,(0.22%),136.41,137.44,(0.75%)
26-Aug-2024,128.18,128.18,-,137.44,137.44,(0.00%)
27-Aug-2024,128.31,128.31,-,137.48,137.48,-
28-Aug-2024,128.65,128.65,-,137.67,137.67,-
29-Aug-2024,129.11,129.11,-,138.22,138.22,-
30-Aug-2024,129.30,129.30,-,138.68,138.68,-
02-Sep-2024,129.28,129.30,(0.02%),138.91,138.91,-
03-Sep-2024,129.33,129.33,-,138.92,138.92,-
04-Sep-2024,128.98,129.33,(0.27%),138.47,138.92,(0.32%)
05-Sep-2024,128.68,129.33,(0.51%),138.18,138.92,(0.53%)
06-Sep-2024,127.05,129.33,(1.77%),136.57,138.92,(1.69%)
09-Sep-2024,127.49,129.33,(1.42%),137.03,138.92,(1.36%)
10-Sep-2024,128.10,129.33,(0.96%),137.61,138.92,(0.94%)
11-Sep-2024,127.55,129.33,(1.38%),136.93,138.92,(1.43%)
12-Sep-2024,129.48,129.48,-,139.52,139.52,-
13-Sep-2024,129.25,129.48,(0.18%),139.34,139.52,(0.13%)
16-Sep-2024,129.52,129.52,-,139.49,139.52,(0.02%)
17-Sep-2024,129.56,129.56,-,139.68,139.68,-
18-Sep-2024,128.66,129.56,(0.69%),139.46,139.68,(0.16%)
19-Sep-2024,128.84,129.56,(0.56%),139.67,139.68,(0.01%)
20-Sep-2024,130.55,130.55,-,141.73,141.73,-
23-Sep-2024,130.63,130.63,-,142.54,142.54,-
24-Sep-2024,130.69,130.69,-,142.55,142.55,-
25-Sep-2024,131.06,131.06,-,142.90,142.90,-
26-Sep-2024,131.46,131.46,-,144.06,144.06,-
27-Sep-2024,131.35,131.46,(0.09%),143.86,144.06,(0.14%)
30-Sep-2024,128.82,131.46,(2.01%),141.84,144.06,(1.55%)
01-Oct-2024,128.89,131.46,(1.96%),141.76,144.06,(1.60%)
03-Oct-2024,126.07,131.46,(4.10%),138.76,144.06,(3.68%)
04-Oct-2024,125.27,131.46,(4.71%),137.46,144.06,(4.58%)
07-Oct-2024,124.35,131.46,(5.41%),136.26,144.06,(5.42%)
08-Oct-2024,125.66,131.46,(4.41%),137.45,144.06,(4.59%)
09-Oct-2024,124.96,131.46,(4.94%),137.28,144.06,(4.71%)
10-Oct-2024,124.96,131.46,(4.95%),137.37,144.06,(4.64%)
11-Oct-2024,124.15,131.46,(5.56%),137.19,144.06,(4.77%)
14-Oct-2024,125.15,131.46,(4.80%),138.09,144.06,(4.15%)
15-Oct-2024,124.67,131.46,(5.17%),137.70,144.06,(4.42%)
16-Oct-2024,124.50,131.46,(5.29%),137.22,144.06,(4.75%)
17-Oct-2024,124.44,131.46,(5.34%),136.01,144.06,(5.59%)
18-Oct-2024,124.48,131.46,(5.31%),136.58,144.06,(5.20%)
21-Oct-2024,124.97,131.46,(4.94%),136.18,144.06,(5.47%)
22-Oct-2024,123.84,131.46,(5.80%),134.48,144.06,(6.65%)
23-Oct-2024,124.41,131.46,(5.36%),134.28,144.06,(6.79%)
24-Oct-2024,124.50,131.46,(5.30%),134.08,144.06,(6.93%)
25-Oct-2024,124.19,131.46,(5.53%),132.88,144.06,(7.76%)
28-Oct-2024,124.97,131.46,(4.94%),133.75,144.06,(7.16%)
29-Oct-2024,125.84,131.46,(4.27%),134.45,144.06,(6.67%)
30-Oct-2024,125.02,131.46,(4.90%),133.76,144.06,(7.15%)
31-Oct-2024,123.30,131.46,(6.21%),133.02,144.06,(7.67%)
01-Nov-2024,123.61,131.46,(5.97%),133.56,144.06,(7.29%)
04-Nov-2024,122.05,131.46,(7.16%),131.86,144.06,(8.47%)
05-Nov-2024,123.13,131.46,(6.34%),133.06,144.06,(7.64%)
06-Nov-2024,125.41,131.46,(4.60%),134.55,144.06,(6.61%)
07-Nov-2024,124.31,131.46,(5.44%),132.98,144.06,(7.69%)
08-Nov-2024,123.89,131.46,(5.76%),132.70,144.06,(7.89%)
11-Nov-2024,124.60,131.46,(5.22%),132.66,144.06,(7.91%)
12-Nov-2024,123.89,131.46,(5.76%),131.25,144.06,(8.90%)
13-Nov-2024,122.16,131.46,(7.08%),129.46,144.06,(10.14%)
14-Nov-2024,122.73,131.46,(6.64%),129.32,144.06,(10.24%)
18-Nov-2024,121.46,131.46,(7.60%),128.89,144.06,(10.54%)
19-Nov-2024,121.86,131.46,(7.31%),129.24,144.06,(10.29%)
21-Nov-2024,121.70,131.46,(7.43%),128.31,144.06,(10.93%)
22-Nov-2024,124.93,131.46,(4.96%),131.38,144.06,(8.81%)
25-Nov-2024,126.81,131.46,(3.54%),133.11,144.06,(7.61%)
26-Nov-2024,127.65,131.46,(2.90%),132.96,144.06,(7.71%)
27-Nov-2024,127.89,131.46,(2.72%),133.40,144.06,(7.40%)
28-Nov-2024,125.59,131.46,(4.46%),131.41,144.06,(8.78%)
29-Nov-2024,126.54,131.46,(3.74%),132.61,144.06,(7.95%)
02-Dec-2024,127.43,131.46,(3.07%),133.40,144.06,(7.40%)
03-Dec-2024,128.49,131.46,(2.26%),134.40,144.06,(6.71%)
04-Dec-2024,129.13,131.46,(1.77%),134.46,144.06,(6.67%)
05-Dec-2024,130.97,131.46,(0.37%),135.78,144.06,(5.75%)
06-Dec-2024,130.19,131.46,(0.97%),135.61,144.06,(5.87%)
09-Dec-2024,129.99,131.46,(1.12%),135.29,144.06,(6.09%)
10-Dec-2024,129.95,131.46,(1.15%),135.24,144.06,(6.13%)
11-Dec-2024,129.88,131.46,(1.20%),135.41,144.06,(6.00%)
12-Dec-2024,129.74,131.46,(1.31%),134.90,144.06,(6.36%)
13-Dec-2024,130.68,131.46,(0.60%),136.11,144.06,(5.52%)
16-Dec-2024,129.93,131.46,(1.17%),135.56,144.06,(5.90%)
17-Dec-2024,128.06,131.46,(2.59%),133.73,144.06,(7.17%)
18-Dec-2024,127.73,131.46,(2.84%),132.98,144.06,(7.69%)
19-Dec-2024,125.68,131.46,(4.40%),131.62,144.06,(8.64%)
20-Dec-2024,123.84,131.46,(5.79%),129.62,144.06,(10.03%)
23-Dec-2024,124.87,131.46,(5.02%),130.53,144.06,(9.39%)
24-Dec-2024,124.81,131.46,(5.06%),130.39,144.06,(9.49%)
26-Dec-2024,124.45,131.46,(5.33%),130.51,144.06,(9.41%)
27-Dec-2024,124.91,131.46,(4.98%),130.86,144.06,(9.16%)
30-Dec-2024,123.96,131.46,(5.70%),129.94,144.06,(9.81%)
31-Dec-2024,123.18,131.46,(6.30%),129.93,144.06,(9.81%)
01-Jan-2025,123.65,131.46,(5.94%),130.47,144.06,(9.43%)
02-Jan-2025,125.59,131.46,(4.47%),132.92,144.06,(7.73%)
03-Jan-2025,124.03,131.46,(5.65%),131.91,144.06,(8.43%)
06-Jan-2025,122.47,131.46,(6.84%),129.78,144.06,(9.92%)
07-Jan-2025,122.85,131.46,(6.55%),130.28,144.06,(9.57%)
08-Jan-2025,123.41,131.46,(6.13%),130.18,144.06,(9.64%)
09-Jan-2025,122.07,131.46,(7.14%),129.28,144.06,(10.26%)
10-Jan-2025,123.22,131.46,(6.27%),128.76,144.06,(10.62%)
13-Jan-2025,122.50,131.46,(6.82%),126.86,144.06,(11.94%)
14-Jan-2025,122.38,131.46,(6.91%),127.36,144.06,(11.60%)
15-Jan-2025,122.80,131.46,(6.58%),127.56,144.06,(11.45%)
16-Jan-2025,123.03,131.46,(6.41%),128.10,144.06,(11.08%)
17-Jan-2025,122.15,131.46,(7.08%),127.51,144.06,(11.49%)
20-Jan-2025,122.31,131.46,(6.96%),128.29,144.06,(10.95%)
21-Jan-2025,120.48,131.46,(8.35%),126.53,144.06,(12.17%)
22-Jan-2025,122.34,131.46,(6.94%),127.25,144.06,(11.67%)
23-Jan-2025,122.04,131.46,(7.17%),127.52,144.06,(11.48%)
24-Jan-2025,121.59,131.46,(7.51%),126.90,144.06,(11.92%)
27-Jan-2025,120.06,131.46,(8.67%),125.45,144.06,(12.92%)
28-Jan-2025,121.14,131.46,(7.85%),126.16,144.06,(12.43%)
29-Jan-2025,122.23,131.46,(7.02%),127.29,144.06,(11.65%)
30-Jan-2025,122.78,131.46,(6.61%),127.76,144.06,(11.32%)
31-Jan-2025,123.43,131.46,(6.11%),129.19,144.06,(10.33%)
01-Feb-2025,122.80,131.46,(6.58%),129.04,144.06,(10.43%)
03-Feb-2025,122.17,131.46,(7.07%),128.38,144.06,(10.89%)
04-Feb-2025,124.72,131.46,(5.13%),130.45,144.06,(9.45%)
05-Feb-2025,124.73,131.46,(5.12%),130.22,144.06,(9.61%)
06-Feb-2025,125.12,131.46,(4.82%),129.71,144.06,(9.97%)
07-Feb-2025,123.89,131.46,(5.76%),129.47,144.06,(10.13%)
10-Feb-2025,123.17,131.46,(6.31%),128.49,144.06,(10.81%)
11-Feb-2025,121.81,131.46,(7.34%),126.79,144.06,(11.99%)
12-Feb-2025,121.24,131.46,(7.78%),126.64,144.06,(12.09%)
13-Feb-2025,120.58,131.46,(8.27%),126.56,144.06,(12.15%)
14-Feb-2025,121.01,131.46,(7.95%),126.00,144.06,(12.54%)
17-Feb-2025,121.14,131.46,(7.85%),126.17,144.06,(12.42%)
18-Feb-2025,121.04,131.46,(7.93%),126.09,144.06,(12.48%)
19-Feb-2025,120.47,131.46,(8.36%),126.02,144.06,(12.52%)
20-Feb-2025,119.86,131.46,(8.83%),125.91,144.06,(12.60%)
21-Feb-2025,119.53,131.46,(9.07%),125.27,144.06,(13.05%)
24-Feb-2025,117.52,131.46,(10.61%),123.94,144.06,(13.97%)
25-Feb-2025,117.18,131.46,(10.86%),123.91,144.06,(13.99%)
27-Feb-2025,117.41,131.46,(10.69%),123.89,144.06,(14.00%)
28-Feb-2025,115.91,131.46,(11.83%),121.58,144.06,(15.61%)
03-Mar-2025,115.01,131.46,(12.51%),121.55,144.06,(15.63%)
04-Mar-2025,115.04,131.46,(12.49%),121.35,144.06,(15.77%)
05-Mar-2025,115.45,131.46,(12.18%),122.75,144.06,(14.80%)
06-Mar-2025,116.74,131.46,(11.20%),123.89,144.06,(14.00%)
07-Mar-2025,117.38,131.46,(10.71%),123.93,144.06,(13.97%)
10-Mar-2025,117.11,131.46,(10.92%),123.43,144.06,(14.33%)
11-Mar-2025,117.22,131.46,(10.83%),123.63,144.06,(14.18%)
12-Mar-2025,116.67,131.46,(11.25%),123.48,144.06,(14.29%)
13-Mar-2025,116.38,131.46,(11.47%),123.08,144.06,(14.57%)
17-Mar-2025,116.52,131.46,(11.36%),123.69,144.06,(14.14%)
18-Mar-2025,116.52,131.46,(11.36%),125.48,144.06,(12.90%)
19-Mar-2025,117.86,131.46,(10.35%),125.88,144.06,(12.62%)
20-Mar-2025,119.68,131.46,(8.96%),127.44,144.06,(11.54%)
21-Mar-2025,120.01,131.46,(8.71%),128.32,144.06,(10.93%)
24-Mar-2025,121.66,131.46,(7.45%),130.01,144.06,(9.76%)
25-Mar-2025,122.05,131.46,(7.16%),130.07,144.06,(9.72%)
26-Mar-2025,120.92,131.46,(8.02%),129.07,144.06,(10.41%)
27-Mar-2025,121.52,131.46,(7.56%),129.64,144.06,(10.01%)
28-Mar-2025,120.98,131.46,(7.97%),129.25,144.06,(10.29%)
01-Apr-2025,118.16,131.46,(10.12%),127.30,144.06,(11.64%)
02-Apr-2025,119.01,131.46,(9.47%),128.22,144.06,(11.00%)
03-Apr-2025,117.34,131.46,(10.74%),127.77,144.06,(11.31%)
04-Apr-2025,115.50,131.46,(12.14%),125.87,144.06,(12.63%)
07-Apr-2025,112.17,131.46,(14.68%),121.78,144.06,(15.47%)
08-Apr-2025,113.43,131.46,(13.72%),123.84,144.06,(14.04%)
09-Apr-2025,112.83,131.46,(14.17%),123.09,144.06,(14.56%)
11-Apr-2025,114.40,131.46,(12.98%),125.45,144.06,(12.92%)
15-Apr-2025,116.64,131.46,(11.27%),128.20,144.06,(11.01%)
16-Apr-2025,116.93,131.46,(11.05%),128.79,144.06,(10.60%)
17-Apr-2025,119.12,131.46,(9.39%),131.07,144.06,(9.02%)
21-Apr-2025,120.53,131.46,(8.32%),132.58,144.06,(7.97%)
22-Apr-2025,120.65,131.46,(8.22%),132.81,144.06,(7.82%)
23-Apr-2025,121.76,131.46,(7.38%),133.69,144.06,(7.20%)
24-Apr-2025,121.28,131.46,(7.74%),133.24,144.06,(7.51%)
25-Apr-2025,121.63,131.46,(7.48%),132.10,144.06,(8.30%)
28-Apr-2025,123.68,131.46,(5.92%),133.69,144.06,(7.20%)
29-Apr-2025,124.60,131.46,(5.22%),133.73,144.06,(7.17%)
30-Apr-2025,124.85,131.46,(5.03%),133.72,144.06,(7.18%)
02-May-2025,125.09,131.46,(4.85%),133.79,144.06,(7.13%)
05-May-2025,125.77,131.46,(4.33%),134.42,144.06,(6.69%)
06-May-2025,125.56,131.46,(4.49%),133.97,144.06,(7.01%)
07-May-2025,125.36,131.46,(4.64%),134.16,144.06,(6.87%)
08-May-2025,125.17,131.46,(4.78%),133.39,144.06,(7.41%)
09-May-2025,123.16,131.46,(6.31%),131.93,144.06,(8.42%)
12-May-2025,129.13,131.46,(1.77%),136.97,144.06,(4.93%)
13-May-2025,126.41,131.46,(3.84%),135.06,144.06,(6.25%)
14-May-2025,126.88,131.46,(3.49%),135.55,144.06,(5.91%)
15-May-2025,128.72,131.46,(2.08%),137.72,144.06,(4.40%)
16-May-2025,128.42,131.46,(2.31%),137.49,144.06,(4.56%)
19-May-2025,127.40,131.46,(3.09%),137.08,144.06,(4.85%)
20-May-2025,126.37,131.46,(3.87%),135.64,144.06,(5.84%)
21-May-2025,127.05,131.46,(3.35%),136.36,144.06,(5.35%)
22-May-2025,125.86,131.46,(4.26%),135.24,144.06,(6.13%)
23-May-2025,127.06,131.46,(3.35%),136.57,144.06,(5.20%)
26-May-2025,127.84,131.46,(2.75%),137.39,144.06,(4.63%)
27-May-2025,126.74,131.46,(3.59%),136.43,144.06,(5.30%)
28-May-2025,126.60,131.46,(3.70%),136.02,144.06,(5.58%)
29-May-2025,126.98,131.46,(3.41%),136.47,144.06,(5.27%)
30-May-2025,126.93,131.46,(3.45%),136.01,144.06,(5.59%)
02-Jun-2025,126.41,131.46,(3.84%),135.82,144.06,(5.72%)
03-Jun-2025,125.48,131.46,(4.55%),134.87,144.06,(6.38%)
04-Jun-2025,126.21,131.46,(4.00%),135.29,144.06,(6.09%)
05-Jun-2025,127.04,131.46,(3.36%),136.01,144.06,(5.59%)
06-Jun-2025,127.82,131.46,(2.77%),137.40,144.06,(4.63%)
09-Jun-2025,128.01,131.46,(2.62%),137.95,144.06,(4.24%)
10-Jun-2025,127.99,131.46,(2.64%),137.95,144.06,(4.24%)
11-Jun-2025,128.58,131.46,(2.19%),138.16,144.06,(4.10%)
12-Jun-2025,127.68,131.46,(2.88%),136.77,144.06,(5.07%)
13-Jun-2025,126.84,131.46,(3.52%),135.84,144.06,(5.71%)
16-Jun-2025,128.13,131.46,(2.54%),137.09,144.06,(4.84%)
17-Jun-2025,128.16,131.46,(2.51%),136.58,144.06,(5.20%)
18-Jun-2025,127.52,131.46,(3.00%),136.35,144.06,(5.36%)
19-Jun-2025,127.22,131.46,(3.22%),136.25,144.06,(5.43%)
20-Jun-2025,128.79,131.46,(2.03%),138.00,144.06,(4.21%)
23-Jun-2025,127.44,131.46,(3.06%),137.23,144.06,(4.75%)
24-Jun-2025,127.52,131.46,(3.00%),137.63,144.06,(4.47%)
25-Jun-2025,129.03,131.46,(1.85%),138.73,144.06,(3.70%)
26-Jun-2025,130.49,131.46,(0.74%),140.40,144.06,(2.54%)
27-Jun-2025,131.39,131.46,(0.05%),140.89,144.06,(2.21%)
30-Jun-2025,130.71,131.46,(0.57%),140.22,144.06,(2.67%)
01-Jul-2025,131.12,131.46,(0.26%),140.36,144.06,(2.57%)
02-Jul-2025,130.43,131.46,(0.78%),139.87,144.06,(2.91%)
03-Jul-2025,130.33,131.46,(0.86%),139.61,144.06,(3.09%)
04-Jul-2025,131.21,131.46,(0.19%),139.92,144.06,(2.88%)
07-Jul-2025,131.16,131.46,(0.23%),139.92,144.06,(2.88%)
08-Jul-2025,131.50,131.50,-,140.25,144.06,(2.65%)
09-Jul-2025,130.89,131.50,(0.46%),140.00,144.06,(2.82%)
10-Jul-2025,130.43,131.50,(0.81%),139.33,144.06,(3.28%)
11-Jul-2025,128.41,131.50,(2.34%),138.21,144.06,(4.07%)
14-Jul-2025,127.53,131.50,(3.01%),137.83,144.06,(4.32%)
15-Jul-2025,128.30,131.50,(2.43%),138.46,144.06,(3.89%)
16-Jul-2025,128.46,131.50,(2.31%),138.55,144.06,(3.83%)
17-Jul-2025,127.52,131.50,(3.02%),137.99,144.06,(4.21%)
18-Jul-2025,127.02,131.50,(3.41%),137.21,144.06,(4.76%)
21-Jul-2025,126.96,131.50,(3.45%),137.88,144.06,(4.29%)
22-Jul-2025,126.66,131.50,(3.68%),137.72,144.06,(4.41%)
23-Jul-2025,127.59,131.50,(2.97%),138.59,144.06,(3.80%)
24-Jul-2025,126.36,131.50,(3.90%),137.72,144.06,(4.40%)
25-Jul-2025,125.41,131.50,(4.63%),136.49,144.06,(5.26%)
28-Jul-2025,125.07,131.50,(4.88%),135.63,144.06,(5.86%)
29-Jul-2025,125.70,131.50,(4.41%),136.40,144.06,(5.32%)
30-Jul-2025,125.60,131.50,(4.48%),136.59,144.06,(5.19%)
31-Jul-2025,124.77,131.50,(5.12%),136.11,144.06,(5.52%)
01-Aug-2025,123.86,131.50,(5.80%),134.99,144.06,(6.30%)
04-Aug-2025,124.57,131.50,(5.27%),135.86,144.06,(5.70%)
05-Aug-2025,123.33,131.50,(6.21%),135.46,144.06,(5.98%)
06-Aug-2025,122.91,131.50,(6.53%),135.04,144.06,(6.26%)
07-Aug-2025,123.07,131.50,(6.41%),135.16,144.06,(6.18%)
08-Aug-2025,121.94,131.50,(7.27%),133.88,144.06,(7.07%)
11-Aug-2025,122.80,131.50,(6.62%),135.10,144.06,(6.22%)
12-Aug-2025,122.13,131.50,(7.12%),134.57,144.06,(6.59%)
13-Aug-2025,122.36,131.50,(6.95%),135.29,144.06,(6.09%)
14-Aug-2025,122.70,131.50,(6.69%),135.36,144.06,(6.04%)
18-Aug-2025,122.92,131.50,(6.52%),136.71,144.06,(5.11%)
19-Aug-2025,123.70,131.50,(5.93%),137.28,144.06,(4.71%)
20-Aug-2025,124.83,131.50,(5.07%),137.66,144.06,(4.45%)
21-Aug-2025,125.37,131.50,(4.66%),137.84,144.06,(4.32%)
22-Aug-2025,123.98,131.50,(5.72%),136.67,144.06,(5.13%)
25-Aug-2025,125.26,131.50,(4.74%),137.20,144.06,(4.76%)
26-Aug-2025,124.26,131.50,(5.50%),135.80,144.06,(5.74%)
28-Aug-2025,122.69,131.50,(6.69%),134.64,144.06,(6.54%)
29-Aug-2025,121.40,131.50,(7.68%),134.23,144.06,(6.82%)
01-Sep-2025,122.05,131.50,(7.18%),135.32,144.06,(6.07%)
02-Sep-2025,121.91,131.50,(7.29%),135.07,144.06,(6.24%)
03-Sep-2025,122.05,131.50,(7.18%),135.82,144.06,(5.73%)
04-Sep-2025,121.87,131.50,(7.32%),135.92,144.06,(5.65%)
05-Sep-2025,121.65,131.50,(7.49%),135.96,144.06,(5.63%)
08-Sep-2025,121.43,131.50,(7.66%),136.14,144.06,(5.50%)
09-Sep-2025,122.52,131.50,(6.83%),136.66,144.06,(5.14%)
10-Sep-2025,123.39,131.50,(6.16%),137.23,144.06,(4.74%)
11-Sep-2025,123.40,131.50,(6.16%),137.41,144.06,(4.62%)
12-Sep-2025,124.13,131.50,(5.60%),138.01,144.06,(4.20%)
15-Sep-2025,123.86,131.50,(5.81%),137.76,144.06,(4.37%)
16-Sep-2025,124.32,131.50,(5.46%),138.70,144.06,(3.73%)
17-Sep-2025,124.81,131.50,(5.08%),139.20,144.06,(3.38%)
18-Sep-2025,125.46,131.50,(4.59%),139.71,144.06,(3.02%)
19-Sep-2025,124.65,131.50,(5.21%),139.18,144.06,(3.39%)
22-Sep-2025,122.94,131.50,(6.51%),138.49,144.06,(3.87%)
23-Sep-2025,122.49,131.50,(6.85%),138.31,144.06,(3.99%)
24-Sep-2025,121.73,131.50,(7.42%),137.69,144.06,(4.42%)
25-Sep-2025,120.63,131.50,(8.27%),136.78,144.06,(5.05%)
26-Sep-2025,119.46,131.50,(9.15%),135.48,144.06,(5.96%)
29-Sep-2025,119.26,131.50,(9.30%),135.38,144.06,(6.03%)
30-Sep-2025,119.03,131.50,(9.48%),135.24,144.06,(6.12%)
01-Oct-2025,120.15,131.50,(8.62%),136.48,144.06,(5.26%)
03-Oct-2025,119.85,131.50,(8.85%),136.80,144.06,(5.04%)
06-Oct-2025,121.42,131.50,(7.66%),137.81,144.06,(4.34%)
07-Oct-2025,121.75,131.50,(7.41%),137.98,144.06,(4.23%)
08-Oct-2025,122.07,131.50,(7.16%),137.64,144.06,(4.46%)
09-Oct-2025,122.79,131.50,(6.62%),138.38,144.06,(3.95%)
10-Oct-2025,122.85,131.50,(6.57%),138.95,144.06,(3.55%)
13-Oct-2025,122.13,131.50,(7.12%),138.63,144.06,(3.77%)
14-Oct-2025,121.80,131.50,(7.38%),138.18,144.06,(4.08%)
15-Oct-2025,121.96,131.50,(7.25%),139.16,144.06,(3.40%)
16-Oct-2025,123.22,131.50,(6.30%),140.60,144.06,(2.41%)
17-Oct-2025,123.68,131.50,(5.94%),141.28,144.06,(1.93%)
20-Oct-2025,124.88,131.50,(5.03%),142.02,144.06,(1.42%)
21-Oct-2025,124.96,131.50,(4.97%),142.16,144.06,(1.33%)
23-Oct-2025,125.65,131.50,(4.44%),142.28,144.06,(1.24%)
24-Oct-2025,125.36,131.50,(4.67%),141.75,144.06,(1.61%)
27-Oct-2025,126.52,131.50,(3.78%),142.69,144.06,(0.95%)
28-Oct-2025,126.13,131.50,(4.08%),142.53,144.06,(1.07%)
29-Oct-2025,126.86,131.50,(3.53%),143.17,144.06,(0.62%)
30-Oct-2025,125.71,131.50,(4.40%),142.21,144.06,(1.29%)
31-Oct-2025,125.13,131.50,(4.84%),141.35,144.06,(1.88%)
03-Nov-2025,124.99,131.50,(4.95%),141.58,144.06,(1.73%)
04-Nov-2025,123.93,131.50,(5.75%),140.67,144.06,(2.36%)
06-Nov-2025,124.33,131.50,(5.45%),140.18,144.06,(2.69%)
07-Nov-2025,124.17,131.50,(5.57%),140.09,144.06,(2.76%)
10-Nov-2025,125.28,131.50,(4.72%),140.54,144.06,(2.45%)
11-Nov-2025,126.13,131.50,(4.08%),141.20,144.06,(1.99%)
12-Nov-2025,127.42,131.50,(3.10%),142.19,144.06,(1.30%)
13-Nov-2025,127.36,131.50,(3.15%),142.21,144.06,(1.29%)
14-Nov-2025,126.96,131.50,(3.45%),142.38,144.06,(1.17%)
17-Nov-2025,127.29,131.50,(3.20%),142.95,144.06,(0.77%)
18-Nov-2025,126.71,131.50,(3.64%),142.38,144.06,(1.17%)
19-Nov-2025,128.10,131.50,(2.58%),143.17,144.06,(0.62%)
20-Nov-2025,129.11,131.50,(1.81%),143.93,144.06,(0.09%)
21-Nov-2025,128.68,131.50,(2.14%),143.25,144.06,(0.56%)
24-Nov-2025,128.44,131.50,(2.32%),142.65,144.06,(0.98%)
25-Nov-2025,127.67,131.50,(2.91%),142.24,144.06,(1.26%)
26-Nov-2025,129.69,131.50,(1.37%),144.01,144.06,(0.04%)
27-Nov-2025,129.87,131.50,(1.23%),144.06,144.06,(0.00%)
28-Nov-2025,129.78,131.50,(1.30%),143.99,144.06,(0.05%)
01-Dec-2025,129.61,131.50,(1.44%),143.84,144.06,(0.15%)
02-Dec-2025,128.54,131.50,(2.25%),143.05,144.06,(0.70%)
03-Dec-2025,129.58,131.50,(1.46%),142.80,144.06,(0.88%)
04-Dec-2025,129.97,131.50,(1.16%),143.06,144.06,(0.70%)
05-Dec-2025,130.65,131.50,(0.64%),143.90,144.06,(0.11%)
08-Dec-2025,130.58,131.50,(0.70%),142.66,144.06,(0.97%)
09-Dec-2025,129.52,131.50,(1.50%),142.00,144.06,(1.44%)
10-Dec-2025,128.95,131.50,(1.93%),141.55,144.06,(1.75%)
11-Dec-2025,129.60,131.50,(1.44%),142.32,144.06,(1.21%)
12-Dec-2025,130.20,131.50,(0.99%),143.14,144.06,(0.65%)
15-Dec-2025,130.19,131.50,(1.00%),143.03,144.06,(0.72%)
16-Dec-2025,129.48,131.50,(1.53%),142.11,144.06,(1.36%)
17-Dec-2025,129.21,131.50,(1.74%),141.88,144.06,(1.52%)
18-Dec-2025,129.93,131.50,(1.19%),141.86,144.06,(1.53%)
19-Dec-2025,130.67,131.50,(0.62%),142.69,144.06,(0.95%)
22-Dec-2025,132.12,132.12,-,143.82,144.06,(0.17%)
23-Dec-2025,131.87,132.12,(0.19%),143.85,144.06,(0.15%)
24-Dec-2025,131.60,132.12,(0.40%),143.66,144.06,(0.28%)
26-Dec-2025,130.92,132.12,(0.91%),143.11,144.06,(0.66%)
29-Dec-2025,130.15,132.12,(1.49%),142.56,144.06,(1.04%)
30-Dec-2025,129.68,132.12,(1.85%),142.54,144.06,(1.06%)
31-Dec-2025,129.94,132.12,(1.65%),143.59,144.06,(0.33%)
,,132.12,(100.00%),,144.06,(100.00%)
,,132.12,(100.00%),,144.06,(100.00%)
,,132.12,(100.00%),,144.06,(100.00%)
,,132.12,(100.00%),,144.06,(100.00%)
,,132.12,(100.00%),,144.06,(100.00%)
,,132.12,(100.00%),,144.06,(100.00%)
,,132.12,(100.00%),,144.06,(100.00%)
,,132.12,(100.00%),,144.06,(100.00%)
,,132.12,(100.00%),,144.06,(100.00%)
,,132.12,(100.00%),,144.06,(100.00%)
,,132.12,(100.00%),,144.06,(100.00%)
,,132.12,(100.00%),,144.06,(100.00%)
,,132.12,(100.00%),,144.06,(100.00%)
,,132.12,(100.00%),,144.06,(100.00%)
,,132.12,(100.00%),,144.06,(100.00%)
,,132.12,(100.00%),,144.06,(100.00%)
,,132.12,(100.00%),,144.06,(100.00%)
,,132.12,(100.00%),,144.06,(100.00%)
,,132.12,(100.00%),,144.06,(100.00%)
,,132.12,(100.00%),,144.06,(100.00%)
,,132.12,(100.00%),,144.06,(100.00%)
,,132.12,(100.00%),,144.06,(100.00%)
,,132.12,(100.00%),,144.06,(100.00%)
,,132.12,(100.00%),,144.06,(100.00%)
,,132.12,(100.00%),,144.06,(100.00%)
,,132.12,(100.00%),,144.06,(100.00%)
,,132.12,(100.00%),,144.06,(100.00%)
,,132.12,(100.00%),,144.06,(100.00%)
,,132.12,(100.00%),,144.06,(100.00%)
,,132.12,(100.00%),,144.06,(100.00%)
,,132.12,(100.00%),,144.06,(100.00%)
,,132.12,(100.00%),,144.06,(100.00%)
,,132.12,(100.00%),,144.06,(100.00%)
,,132.12,(100.00%),,144.06,(100.00%)
,,132.12,(100.00%),,144.06,(100.00%)
,,132.12,(100.00%),,144.06,(100.00%)
,,132.12,(100.00%),,144.06,(100.00%)
,,132.12,(100.00%),,144.06,(100.00%)
,,132.12,(100.00%),,144.06,(100.00%)
,,132.12,(100.00%),,144.06,(100.00%)
,,132.12,(100.00%),,144.06,(100.00%)
,,132.12,(100.00%),,144.06,(100.00%)
,,132.12,(100.00%),,144.06,(100.00%)
