Historical Adjusted Price Data,,,,,,
"Actual historical data, 02-Jan-2023 to 31-Dec-2025. Stocks: Yahoo Finance/yfinance-derived adjusted prices. NIFTY 50: ^NSEI historical index close (for an index, Close is the adjusted-price series).",,,,,,
,,,,,,
Date,Reliance Industries,HDFC Bank,TCS,ICICI Bank,Infosys,NIFTY 50
02-Jan-2023,"₹1,170.48",₹770.93,"₹2,893.56",₹880.65,"₹1,368.10","₹18,197.45"
03-Jan-2023,"₹1,161.91",₹775.97,"₹2,937.83",₹879.57,"₹1,366.80","₹18,232.55"
04-Jan-2023,"₹1,144.42",₹762.10,"₹2,940.76",₹877.38,"₹1,341.88","₹18,042.95"
05-Jan-2023,"₹1,142.37",₹757.20,"₹2,937.61",₹857.91,"₹1,324.29","₹17,992.15"
06-Jan-2023,"₹1,152.76",₹754.69,"₹2,849.29",₹849.08,"₹1,300.32","₹17,859.45"
09-Jan-2023,"₹1,179.97",₹756.16,"₹2,945.46",₹852.25,"₹1,332.59","₹18,101.20"
10-Jan-2023,"₹1,162.53",₹742.34,"₹2,915.70",₹840.54,"₹1,319.40","₹17,914.15"
11-Jan-2023,"₹1,147.87",₹753.03,"₹2,953.22",₹845.37,"₹1,320.74","₹17,895.70"
12-Jan-2023,"₹1,123.08",₹757.06,"₹2,958.24",₹839.86,"₹1,329.14","₹17,858.20"
13-Jan-2023,"₹1,121.27",₹757.65,"₹2,993.90",₹852.35,"₹1,349.83","₹17,956.60"
16-Jan-2023,"₹1,110.59",₹750.38,"₹3,025.21",₹844.35,"₹1,369.44","₹17,894.85"
17-Jan-2023,"₹1,126.36",₹761.56,"₹3,065.45",₹844.25,"₹1,382.01","₹18,053.30"
18-Jan-2023,"₹1,124.49",₹775.00,"₹3,075.97",₹848.49,"₹1,387.31","₹18,165.35"
19-Jan-2023,"₹1,123.29",₹778.22,"₹3,060.64",₹845.22,"₹1,381.47","₹18,107.85"
20-Jan-2023,"₹1,109.93",₹786.19,"₹3,051.57",₹849.32,"₹1,369.49","₹18,027.65"
23-Jan-2023,"₹1,104.32",₹791.94,"₹3,098.57",₹850.64,"₹1,389.64","₹18,118.55"
24-Jan-2023,"₹1,097.80",₹802.55,"₹3,117.98",₹849.71,"₹1,393.14","₹18,118.30"
25-Jan-2023,"₹1,082.62",₹780.37,"₹3,112.04",₹834.64,"₹1,385.15","₹17,891.95"
27-Jan-2023,"₹1,062.08",₹764.82,"₹3,095.07",₹797.46,"₹1,363.74","₹17,604.35"
30-Jan-2023,"₹1,072.26",₹764.04,"₹3,115.58",₹803.60,"₹1,381.38","₹17,648.95"
31-Jan-2023,"₹1,069.58",₹759.00,"₹3,047.57",₹811.80,"₹1,376.85","₹17,662.15"
01-Feb-2023,"₹1,063.24",₹770.38,"₹3,092.62",₹827.46,"₹1,392.43","₹17,616.30"
02-Feb-2023,"₹1,057.36",₹758.93,"₹3,139.85",₹837.17,"₹1,421.73","₹17,610.40"
03-Feb-2023,"₹1,058.29",₹785.17,"₹3,159.72",₹842.93,"₹1,435.78","₹17,854.05"
06-Feb-2023,"₹1,050.31",₹781.84,"₹3,139.44",₹833.08,"₹1,409.26","₹17,764.60"
07-Feb-2023,"₹1,047.79",₹783.00,"₹3,150.88",₹832.15,"₹1,402.57","₹17,721.50"
08-Feb-2023,"₹1,068.72",₹782.90,"₹3,194.02",₹838.34,"₹1,427.79","₹17,871.70"
09-Feb-2023,"₹1,070.58",₹781.27,"₹3,212.85",₹840.00,"₹1,451.58","₹17,893.45"
10-Feb-2023,"₹1,061.76",₹784.37,"₹3,209.86",₹833.22,"₹1,444.00","₹17,856.50"
13-Feb-2023,"₹1,055.72",₹784.96,"₹3,159.81",₹830.10,"₹1,407.10","₹17,770.90"
14-Feb-2023,"₹1,080.60",₹792.23,"₹3,175.88",₹844.39,"₹1,430.26","₹17,929.85"
15-Feb-2023,"₹1,105.07",₹790.62,"₹3,194.52",₹849.76,"₹1,433.67","₹18,015.85"
16-Feb-2023,"₹1,104.20",₹787.75,"₹3,228.46",₹848.44,"₹1,437.94","₹18,035.85"
17-Feb-2023,"₹1,108.82",₹783.80,"₹3,176.83",₹841.81,"₹1,421.78","₹17,944.20"
20-Feb-2023,"₹1,097.09",₹776.44,"₹3,164.26",₹831.51,"₹1,429.55","₹17,844.60"
21-Feb-2023,"₹1,106.04",₹779.35,"₹3,131.32",₹833.56,"₹1,417.92","₹17,826.70"
22-Feb-2023,"₹1,080.96",₹764.06,"₹3,086.45",₹818.97,"₹1,402.03","₹17,554.30"
23-Feb-2023,"₹1,075.78",₹758.88,"₹3,097.57",₹819.46,"₹1,392.07","₹17,511.25"
24-Feb-2023,"₹1,083.14",₹752.11,"₹3,085.46",₹819.41,"₹1,392.02","₹17,465.80"
27-Feb-2023,"₹1,075.94",₹753.98,"₹3,023.21",₹835.71,"₹1,354.90","₹17,392.70"
28-Feb-2023,"₹1,055.36",₹757.15,"₹3,005.97",₹834.20,"₹1,335.38","₹17,303.95"
01-Mar-2023,"₹1,065.06",₹756.42,"₹3,072.07",₹835.61,"₹1,343.01","₹17,450.90"
02-Mar-2023,"₹1,056.95",₹749.98,"₹3,013.77",₹833.37,"₹1,321.55","₹17,321.90"
03-Mar-2023,"₹1,083.92",₹764.87,"₹3,032.56",₹847.57,"₹1,327.97","₹17,594.35"
06-Mar-2023,"₹1,094.50",₹770.26,"₹3,059.50",₹846.79,"₹1,353.24","₹17,711.45"
08-Mar-2023,"₹1,098.43",₹771.80,"₹3,076.34",₹851.03,"₹1,340.00","₹17,754.40"
09-Mar-2023,"₹1,072.03",₹771.87,"₹3,027.75",₹835.27,"₹1,328.96","₹17,589.60"
10-Mar-2023,"₹1,055.42",₹751.97,"₹3,022.44",₹822.29,"₹1,321.01","₹17,412.90"
13-Mar-2023,"₹1,038.07",₹742.46,"₹2,977.93",₹808.39,"₹1,288.29","₹17,154.30"
14-Mar-2023,"₹1,034.18",₹740.47,"₹2,917.14",₹810.29,"₹1,274.74","₹17,043.30"
15-Mar-2023,"₹1,016.51",₹729.84,"₹2,902.58",₹805.95,"₹1,274.42","₹16,972.15"
16-Mar-2023,"₹1,011.44",₹734.57,"₹2,889.96",₹804.00,"₹1,260.46","₹16,985.60"
17-Mar-2023,"₹1,010.17",₹744.40,"₹2,884.79",₹816.05,"₹1,275.36","₹17,100.05"
20-Mar-2023,"₹1,000.24",₹739.24,"₹2,852.13",₹816.24,"₹1,260.06","₹16,988.40"
21-Mar-2023,"₹1,031.34",₹747.62,"₹2,818.37",₹831.81,"₹1,248.43","₹17,107.50"
22-Mar-2023,"₹1,034.48",₹745.89,"₹2,840.78",₹839.42,"₹1,247.13","₹17,151.90"
23-Mar-2023,"₹1,021.39",₹739.90,"₹2,835.20",₹834.78,"₹1,233.94","₹17,076.90"
24-Mar-2023,"₹1,001.17",₹738.72,"₹2,831.44",₹831.81,"₹1,239.41","₹16,945.05"
27-Mar-2023,"₹1,016.73",₹741.94,"₹2,833.07",₹828.20,"₹1,246.86","₹16,985.70"
28-Mar-2023,"₹1,021.48",₹747.97,"₹2,827.26",₹834.10,"₹1,236.67","₹16,951.70"
29-Mar-2023,"₹1,015.44",₹751.57,"₹2,848.13",₹830.44,"₹1,242.02","₹17,080.70"
31-Mar-2023,"₹1,059.22",₹761.86,"₹2,908.93",₹856.06,"₹1,281.87","₹17,359.75"
03-Apr-2023,"₹1,059.40",₹762.34,"₹2,903.57",₹862.45,"₹1,266.52","₹17,398.05"
05-Apr-2023,"₹1,056.86",₹782.78,"₹2,939.69",₹863.23,"₹1,277.92","₹17,557.05"
06-Apr-2023,"₹1,063.94",₹788.75,"₹2,922.36",₹853.86,"₹1,276.44","₹17,599.15"
10-Apr-2023,"₹1,056.40",₹785.01,"₹2,961.10",₹847.47,"₹1,281.56","₹17,624.05"
11-Apr-2023,"₹1,061.63",₹787.30,"₹2,916.10",₹860.59,"₹1,262.30","₹17,722.30"
12-Apr-2023,"₹1,066.31",₹797.53,"₹2,941.37",₹868.64,"₹1,282.19","₹17,812.40"
13-Apr-2023,"₹1,070.33",₹801.10,"₹2,893.46",₹877.28,"₹1,247.09","₹17,828.00"
17-Apr-2023,"₹1,075.76",₹788.89,"₹2,848.68",₹879.53,"₹1,129.58","₹17,706.85"
18-Apr-2023,"₹1,063.44",₹785.55,"₹2,840.74",₹875.18,"₹1,130.52","₹17,660.15"
19-Apr-2023,"₹1,068.74",₹788.44,"₹2,803.40",₹870.35,"₹1,106.15","₹17,618.75"
20-Apr-2023,"₹1,066.03",₹791.38,"₹2,817.19",₹872.79,"₹1,098.25","₹17,624.45"
21-Apr-2023,"₹1,067.38",₹792.65,"₹2,868.05",₹864.25,"₹1,101.79","₹17,624.05"
24-Apr-2023,"₹1,071.47",₹799.07,"₹2,880.71",₹882.89,"₹1,100.85","₹17,743.40"
25-Apr-2023,"₹1,079.67",₹787.71,"₹2,881.80",₹891.38,"₹1,099.59","₹17,769.25"
26-Apr-2023,"₹1,073.33",₹791.33,"₹2,901.90",₹892.85,"₹1,101.97","₹17,813.60"
27-Apr-2023,"₹1,080.12",₹795.68,"₹2,892.64",₹896.16,"₹1,118.76","₹17,915.05"
28-Apr-2023,"₹1,099.86",₹798.81,"₹2,921.04",₹895.48,"₹1,124.60","₹18,065.00"
02-May-2023,"₹1,109.20",₹798.64,"₹2,921.18",₹899.82,"₹1,146.77","₹18,147.65"
03-May-2023,"₹1,099.68",₹801.43,"₹2,885.34",₹900.55,"₹1,139.32","₹18,089.85"
04-May-2023,"₹1,112.36",₹817.84,"₹2,922.36",₹899.43,"₹1,143.27","₹18,255.80"
05-May-2023,"₹1,109.52",₹769.48,"₹2,931.43",₹904.56,"₹1,130.30","₹18,069.00"
08-May-2023,"₹1,123.22",₹778.38,"₹2,949.49",₹915.24,"₹1,136.13","₹18,264.40"
09-May-2023,"₹1,126.70",₹778.41,"₹2,979.11",₹911.83,"₹1,140.71","₹18,265.95"
10-May-2023,"₹1,134.44",₹782.00,"₹2,982.33",₹913.44,"₹1,134.02","₹18,315.10"
11-May-2023,"₹1,127.04",₹782.52,"₹2,978.11",₹916.51,"₹1,127.60","₹18,297.00"
12-May-2023,"₹1,128.88",₹789.43,"₹2,970.99",₹921.10,"₹1,117.82","₹18,314.80"
15-May-2023,"₹1,131.10",₹793.22,"₹2,953.52",₹922.90,"₹1,129.62","₹18,398.85"
16-May-2023,"₹1,115.00",₹788.67,"₹2,956.34",₹923.49,"₹1,134.96","₹18,286.50"
17-May-2023,"₹1,108.41",₹784.44,"₹2,911.47",₹916.66,"₹1,119.34","₹18,181.75"
18-May-2023,"₹1,106.02",₹787.57,"₹2,903.44",₹923.63,"₹1,118.54","₹18,129.95"
19-May-2023,"₹1,109.61",₹788.48,"₹2,924.31",₹931.24,"₹1,139.09","₹18,203.40"
22-May-2023,"₹1,115.54",₹785.68,"₹2,993.13",₹927.39,"₹1,160.55","₹18,314.40"
23-May-2023,"₹1,115.34",₹783.84,"₹2,991.63",₹930.37,"₹1,167.06","₹18,348.00"
24-May-2023,"₹1,108.84",₹773.59,"₹2,997.35",₹917.92,"₹1,165.80","₹18,285.40"
25-May-2023,"₹1,108.70",₹770.62,"₹2,988.41",₹917.14,"₹1,170.92","₹18,321.15"
26-May-2023,"₹1,138.94",₹773.59,"₹3,020.53",₹927.73,"₹1,182.68","₹18,499.35"
29-May-2023,"₹1,145.35",₹783.02,"₹3,012.78",₹925.24,"₹1,179.94","₹18,598.65"
30-May-2023,"₹1,145.05",₹783.62,"₹3,009.01",₹927.00,"₹1,188.42","₹18,633.85"
31-May-2023,"₹1,122.31",₹771.22,"₹2,984.78",₹926.22,"₹1,183.44","₹18,534.40"
01-Jun-2023,"₹1,119.29",₹767.94,"₹3,016.09",₹913.48,"₹1,184.52","₹18,487.75"
02-Jun-2023,"₹1,115.63",₹769.14,"₹2,999.39",₹915.48,"₹1,181.79","₹18,534.10"
05-Jun-2023,"₹1,125.65",₹768.13,"₹2,984.24",₹923.88,"₹1,186.79","₹18,593.85"
06-Jun-2023,"₹1,126.61",₹765.74,"₹2,932.88",₹919.34,"₹1,163.59","₹18,599.00"
07-Jun-2023,"₹1,135.15",₹769.71,"₹2,971.54",₹917.49,"₹1,172.64","₹18,726.40"
08-Jun-2023,"₹1,135.83",₹770.19,"₹2,936.65",₹915.24,"₹1,167.05","₹18,634.55"
09-Jun-2023,"₹1,127.79",₹771.10,"₹2,912.01",₹915.39,"₹1,151.72","₹18,563.40"
12-Jun-2023,"₹1,128.79",₹766.41,"₹2,946.13",₹913.34,"₹1,175.37","₹18,601.50"
13-Jun-2023,"₹1,145.46",₹767.70,"₹2,943.23",₹920.75,"₹1,187.11","₹18,716.15"
14-Jun-2023,"₹1,159.55",₹766.87,"₹2,949.89",₹917.09,"₹1,183.06","₹18,755.90"
15-Jun-2023,"₹1,159.87",₹757.43,"₹2,940.07",₹904.21,"₹1,170.69","₹18,688.10"
16-Jun-2023,"₹1,171.16",₹767.34,"₹2,902.22",₹911.63,"₹1,175.10","₹18,826.00"
19-Jun-2023,"₹1,159.53",₹768.01,"₹2,934.68",₹900.85,"₹1,177.24","₹18,755.45"
20-Jun-2023,"₹1,161.94",₹769.62,"₹2,950.49",₹903.19,"₹1,185.79","₹18,816.70"
21-Jun-2023,"₹1,165.21",₹783.07,"₹2,978.37",₹902.36,"₹1,182.11","₹18,856.85"
22-Jun-2023,"₹1,152.12",₹786.90,"₹2,960.36",₹903.38,"₹1,165.91","₹18,771.25"
23-Jun-2023,"₹1,142.69",₹786.85,"₹2,940.11",₹901.19,"₹1,150.86","₹18,665.50"
26-Jun-2023,"₹1,133.97",₹783.05,"₹2,915.71",₹905.04,"₹1,155.72","₹18,691.20"
27-Jun-2023,"₹1,134.38",₹794.08,"₹2,922.75",₹913.48,"₹1,163.73","₹18,817.40"
28-Jun-2023,"₹1,149.39",₹802.49,"₹2,939.29",₹914.80,"₹1,176.65","₹18,972.10"
30-Jun-2023,"₹1,158.82",₹814.57,"₹3,018.64",₹912.02,"₹1,214.99","₹19,189.05"
03-Jul-2023,"₹1,188.56",₹823.38,"₹2,991.26",₹919.78,"₹1,213.36","₹19,322.55"
04-Jul-2023,"₹1,176.32",₹827.41,"₹3,024.67",₹921.88,"₹1,223.77","₹19,389.00"
05-Jul-2023,"₹1,174.39",₹801.12,"₹3,034.82",₹934.86,"₹1,225.73","₹19,398.50"
06-Jul-2023,"₹1,199.04",₹801.93,"₹3,037.51",₹936.22,"₹1,222.64","₹19,497.30"
07-Jul-2023,"₹1,196.70",₹794.95,"₹3,043.32",₹923.54,"₹1,210.17","₹19,331.80"
10-Jul-2023,"₹1,242.79",₹793.05,"₹2,990.94",₹925.49,"₹1,209.22","₹19,355.90"
11-Jul-2023,"₹1,256.27",₹789.20,"₹2,991.35",₹922.12,"₹1,226.91","₹19,439.40"
12-Jul-2023,"₹1,257.65",₹781.80,"₹2,979.92",₹921.58,"₹1,212.99","₹19,384.30"
13-Jul-2023,"₹1,246.41",₹785.70,"₹3,053.65",₹932.61,"₹1,241.92","₹19,413.75"
14-Jul-2023,"₹1,245.36",₹787.33,"₹3,212.79",₹936.86,"₹1,297.28","₹19,564.50"
17-Jul-2023,"₹1,270.81",₹803.80,"₹3,191.82",₹945.30,"₹1,294.55","₹19,711.45"
18-Jul-2023,"₹1,281.60",₹803.13,"₹3,196.52",₹951.88,"₹1,342.09","₹19,749.25"
19-Jul-2023,"₹1,291.32",₹806.77,"₹3,172.03",₹949.93,"₹1,341.86","₹19,833.15"
20-Jul-2023,"₹1,289.76",₹808.52,"₹3,174.09",₹971.55,"₹1,318.71","₹19,979.15"
21-Jul-2023,"₹1,249.83",₹802.29,"₹3,087.02",₹972.91,"₹1,211.45","₹19,745.00"
24-Jul-2023,"₹1,224.55",₹803.56,"₹3,111.26",₹968.03,"₹1,216.00","₹19,672.35"
25-Jul-2023,"₹1,223.77",₹812.28,"₹3,115.29",₹970.67,"₹1,214.18","₹19,680.60"
26-Jul-2023,"₹1,243.66",₹809.45,"₹3,105.35",₹972.38,"₹1,227.14","₹19,778.30"
27-Jul-2023,"₹1,232.09",₹801.05,"₹3,113.23",₹966.33,"₹1,231.05","₹19,659.90"
28-Jul-2023,"₹1,244.47",₹786.85,"₹3,075.20",₹972.13,"₹1,219.54","₹19,646.05"
31-Jul-2023,"₹1,255.00",₹790.54,"₹3,135.73",₹974.18,"₹1,233.37","₹19,753.80"
01-Aug-2023,"₹1,237.26",₹795.83,"₹3,163.78",₹970.52,"₹1,242.01","₹19,733.55"
02-Aug-2023,"₹1,224.04",₹785.42,"₹3,153.33",₹963.11,"₹1,234.42","₹19,526.55"
03-Aug-2023,"₹1,218.89",₹779.74,"₹3,116.03",₹941.69,"₹1,241.20","₹19,381.65"
04-Aug-2023,"₹1,235.46",₹791.02,"₹3,155.99",₹947.05,"₹1,253.98","₹19,517.00"
07-Aug-2023,"₹1,242.50",₹790.56,"₹3,193.10",₹952.08,"₹1,267.31","₹19,597.30"
08-Aug-2023,"₹1,235.02",₹789.92,"₹3,180.78",₹956.23,"₹1,264.76","₹19,570.85"
09-Aug-2023,"₹1,243.16",₹790.21,"₹3,173.35",₹957.01,"₹1,268.58","₹19,632.55"
10-Aug-2023,"₹1,248.70",₹783.19,"₹3,154.66",₹948.55,"₹1,263.76","₹19,543.10"
11-Aug-2023,"₹1,253.97",₹775.03,"₹3,160.80",₹937.48,"₹1,248.06","₹19,428.30"
14-Aug-2023,"₹1,268.79",₹771.25,"₹3,161.76",₹944.08,"₹1,267.81","₹19,434.55"
16-Aug-2023,"₹1,267.75",₹769.00,"₹3,169.60",₹941.07,"₹1,290.51","₹19,465.00"
17-Aug-2023,"₹1,249.47",₹764.73,"₹3,148.84",₹936.30,"₹1,284.18","₹19,365.25"
18-Aug-2023,"₹1,258.72",₹761.60,"₹3,085.92",₹935.32,"₹1,263.49","₹19,310.15"
21-Aug-2023,"₹1,244.99",₹761.00,"₹3,117.59",₹939.80,"₹1,278.59","₹19,393.60"
22-Aug-2023,"₹1,244.69",₹757.74,"₹3,099.71",₹936.65,"₹1,277.09","₹19,396.45"
23-Aug-2023,"₹1,246.07",₹759.61,"₹3,114.47",₹951.26,"₹1,280.91","₹19,444.00"
24-Aug-2023,"₹1,225.13",₹756.12,"₹3,104.85",₹953.32,"₹1,295.15","₹19,386.70"
25-Aug-2023,"₹1,219.47",₹747.60,"₹3,098.93",₹954.75,"₹1,291.96","₹19,265.80"
28-Aug-2023,"₹1,207.32",₹755.37,"₹3,093.67",₹954.90,"₹1,287.91","₹19,306.05"
29-Aug-2023,"₹1,195.76",₹761.38,"₹3,094.21",₹952.14,"₹1,289.73","₹19,342.65"
30-Aug-2023,"₹1,194.62",₹755.83,"₹3,107.78",₹943.44,"₹1,305.65","₹19,347.45"
31-Aug-2023,"₹1,189.16",₹752.36,"₹3,076.48",₹943.29,"₹1,305.93","₹19,253.80"
01-Sep-2023,"₹1,191.95",₹753.91,"₹3,097.01",₹953.08,"₹1,313.57","₹19,435.30"
04-Sep-2023,"₹1,190.99",₹758.63,"₹3,133.03",₹951.75,"₹1,332.90","₹19,528.80"
05-Sep-2023,"₹1,197.36",₹754.01,"₹3,142.97",₹952.78,"₹1,345.46","₹19,574.90"
06-Sep-2023,"₹1,199.88",₹763.87,"₹3,143.48",₹942.06,"₹1,344.14","₹19,611.05"
07-Sep-2023,"₹1,201.51",₹771.22,"₹3,166.71",₹950.08,"₹1,333.90","₹19,727.05"
08-Sep-2023,"₹1,209.51",₹777.23,"₹3,154.47",₹954.90,"₹1,336.99","₹19,819.95"
11-Sep-2023,"₹1,222.56",₹781.25,"₹3,189.99",₹962.47,"₹1,343.23","₹19,996.35"
12-Sep-2023,"₹1,204.89",₹783.69,"₹3,281.77",₹974.53,"₹1,365.65","₹19,993.20"
13-Sep-2023,"₹1,210.92",₹787.05,"₹3,269.91",₹973.84,"₹1,363.15","₹20,070.00"
14-Sep-2023,"₹1,212.03",₹786.57,"₹3,262.76",₹971.77,"₹1,370.97","₹20,103.10"
15-Sep-2023,"₹1,214.28",₹795.59,"₹3,297.81",₹976.44,"₹1,375.20","₹20,192.35"
18-Sep-2023,"₹1,203.71",₹779.94,"₹3,305.01",₹974.23,"₹1,357.19","₹20,133.30"
20-Sep-2023,"₹1,176.88",₹748.65,"₹3,304.92",₹971.23,"₹1,355.78","₹19,901.40"
21-Sep-2023,"₹1,168.31",₹743.69,"₹3,285.90",₹943.83,"₹1,366.24","₹19,742.35"
22-Sep-2023,"₹1,163.44",₹732.35,"₹3,302.72",₹934.97,"₹1,361.15","₹19,674.25"
25-Sep-2023,"₹1,156.28",₹732.99,"₹3,278.43",₹940.93,"₹1,341.13","₹19,674.55"
26-Sep-2023,"₹1,157.29",₹736.18,"₹3,286.27",₹933.40,"₹1,328.85","₹19,664.70"
27-Sep-2023,"₹1,170.34",₹731.01,"₹3,289.57",₹927.89,"₹1,334.63","₹19,716.45"
28-Sep-2023,"₹1,153.14",₹729.50,"₹3,241.40",₹927.40,"₹1,309.57","₹19,523.55"
29-Sep-2023,"₹1,158.53",₹730.74,"₹3,233.93",₹936.55,"₹1,305.93","₹19,638.30"
03-Oct-2023,"₹1,145.26",₹722.00,"₹3,220.42",₹925.14,"₹1,304.61","₹19,528.75"
04-Oct-2023,"₹1,143.29",₹732.30,"₹3,242.32",₹915.05,"₹1,314.02","₹19,436.10"
05-Oct-2023,"₹1,143.26",₹735.27,"₹3,289.61",₹925.68,"₹1,331.40","₹19,545.75"
06-Oct-2023,"₹1,145.19",₹734.45,"₹3,318.98",₹929.96,"₹1,345.27","₹19,653.50"
09-Oct-2023,"₹1,135.43",₹725.93,"₹3,334.52",₹923.46,"₹1,342.32","₹19,512.35"
10-Oct-2023,"₹1,140.45",₹730.05,"₹3,325.86",₹935.86,"₹1,360.24","₹19,689.85"
11-Oct-2023,"₹1,158.55",₹737.11,"₹3,308.45",₹937.73,"₹1,359.56","₹19,811.35"
12-Oct-2023,"₹1,160.70",₹742.02,"₹3,246.72",₹938.86,"₹1,333.26","₹19,794.00"
13-Oct-2023,"₹1,160.65",₹735.27,"₹3,272.66",₹935.96,"₹1,302.01","₹19,751.05"
16-Oct-2023,"₹1,158.06",₹732.32,"₹3,229.76",₹936.06,"₹1,304.74","₹19,731.75"
17-Oct-2023,"₹1,163.59",₹737.88,"₹3,214.18",₹938.52,"₹1,312.29","₹19,811.50"
18-Oct-2023,"₹1,148.15",₹727.61,"₹3,196.04",₹928.53,"₹1,310.57","₹19,671.10"
19-Oct-2023,"₹1,139.34",₹725.31,"₹3,175.27",₹920.66,"₹1,304.29","₹19,624.70"
20-Oct-2023,"₹1,135.85",₹729.07,"₹3,211.01",₹917.71,"₹1,298.47","₹19,542.65"
23-Oct-2023,"₹1,118.12",₹721.05,"₹3,133.46",₹914.95,"₹1,281.54","₹19,281.75"
25-Oct-2023,"₹1,115.52",₹716.48,"₹3,115.04",₹901.33,"₹1,262.56","₹19,122.15"
26-Oct-2023,"₹1,099.98",₹700.63,"₹3,066.02",₹894.00,"₹1,252.79","₹18,857.25"
27-Oct-2023,"₹1,119.40",₹703.38,"₹3,079.07",₹898.03,"₹1,272.05","₹19,047.25"
30-Oct-2023,"₹1,142.47",₹711.02,"₹3,104.43",₹909.98,"₹1,269.01","₹19,140.90"
31-Oct-2023,"₹1,130.32",₹706.90,"₹3,095.42",₹900.59,"₹1,261.04","₹19,079.60"
01-Nov-2023,"₹1,135.01",₹705.94,"₹3,060.41",₹899.31,"₹1,247.91","₹18,989.15"
02-Nov-2023,"₹1,146.28",₹707.02,"₹3,087.47",₹905.11,"₹1,262.65","₹19,133.25"
03-Nov-2023,"₹1,146.03",₹710.37,"₹3,079.02",₹918.74,"₹1,280.07","₹19,230.60"
06-Nov-2023,"₹1,155.56",₹715.52,"₹3,105.99",₹930.20,"₹1,293.20","₹19,411.75"
07-Nov-2023,"₹1,148.06",₹712.05,"₹3,096.98",₹932.81,"₹1,294.12","₹19,406.70"
08-Nov-2023,"₹1,154.03",₹714.11,"₹3,107.18",₹920.66,"₹1,281.87","₹19,443.50"
09-Nov-2023,"₹1,141.51",₹711.28,"₹3,075.85",₹922.23,"₹1,266.94","₹19,395.30"
10-Nov-2023,"₹1,143.66",₹714.08,"₹3,062.99",₹923.46,"₹1,261.45","₹19,425.35"
13-Nov-2023,"₹1,143.51",₹712.79,"₹3,061.24",₹919.38,"₹1,265.79","₹19,443.55"
15-Nov-2023,"₹1,164.19",₹720.26,"₹3,128.09",₹925.92,"₹1,299.84","₹19,675.45"
16-Nov-2023,"₹1,166.29",₹722.15,"₹3,214.05",₹920.91,"₹1,331.54","₹19,765.20"
17-Nov-2023,"₹1,163.74",₹720.59,"₹3,218.27",₹906.98,"₹1,324.76","₹19,731.80"
20-Nov-2023,"₹1,160.68",₹720.64,"₹3,234.03",₹906.59,"₹1,323.89","₹19,694.00"
21-Nov-2023,"₹1,175.28",₹726.74,"₹3,225.39",₹911.16,"₹1,326.10","₹19,783.40"
22-Nov-2023,"₹1,179.87",₹724.16,"₹3,243.73",₹907.87,"₹1,343.43","₹19,811.85"
23-Nov-2023,"₹1,183.48",₹728.35,"₹3,223.60",₹908.11,"₹1,335.55","₹19,802.00"
24-Nov-2023,"₹1,182.69",₹733.52,"₹3,176.60",₹914.41,"₹1,324.63","₹19,794.70"
28-Nov-2023,"₹1,182.93",₹731.87,"₹3,188.59",₹910.57,"₹1,329.51","₹19,889.70"
29-Nov-2023,"₹1,186.05",₹746.47,"₹3,228.66",₹924.45,"₹1,345.08","₹20,096.60"
30-Nov-2023,"₹1,174.56",₹746.30,"₹3,204.63",₹919.87,"₹1,340.98","₹20,133.15"
01-Dec-2023,"₹1,182.89",₹744.67,"₹3,226.73",₹931.43,"₹1,338.36","₹20,267.90"
04-Dec-2023,"₹1,195.68",₹770.53,"₹3,227.46",₹975.21,"₹1,349.46","₹20,686.80"
05-Dec-2023,"₹1,204.35",₹777.37,"₹3,245.06",₹997.11,"₹1,339.88","₹20,855.10"
06-Dec-2023,"₹1,215.89",₹779.34,"₹3,311.68",₹987.07,"₹1,358.63","₹20,937.70"
07-Dec-2023,"₹1,213.89",₹780.61,"₹3,321.60",₹982.89,"₹1,350.89","₹20,901.15"
08-Dec-2023,"₹1,213.24",₹791.50,"₹3,332.44",₹994.55,"₹1,374.16","₹20,969.40"
11-Dec-2023,"₹1,215.02",₹790.44,"₹3,347.33","₹1,000.70","₹1,371.72","₹20,997.10"
12-Dec-2023,"₹1,197.58",₹782.59,"₹3,374.16",₹999.32,"₹1,360.24","₹20,906.40"
13-Dec-2023,"₹1,202.47",₹780.82,"₹3,301.98",₹997.55,"₹1,335.32","₹20,926.35"
14-Dec-2023,"₹1,217.39",₹790.04,"₹3,369.70","₹1,016.98","₹1,383.65","₹21,182.70"
15-Dec-2023,"₹1,232.93",₹793.10,"₹3,547.73","₹1,020.67","₹1,454.56","₹21,456.65"
18-Dec-2023,"₹1,245.48",₹792.69,"₹3,546.08","₹1,004.98","₹1,441.62","₹21,418.65"
19-Dec-2023,"₹1,263.81",₹791.35,"₹3,506.57",₹999.07,"₹1,436.04","₹21,453.10"
20-Dec-2023,"₹1,248.52",₹793.32,"₹3,473.35",₹990.42,"₹1,415.86","₹21,150.15"
21-Dec-2023,"₹1,266.01",₹807.54,"₹3,480.20",₹988.20,"₹1,415.49","₹21,255.05"
22-Dec-2023,"₹1,267.24",₹799.95,"₹3,513.73",₹978.26,"₹1,440.28","₹21,349.40"
26-Dec-2023,"₹1,273.67",₹805.50,"₹3,487.59",₹979.05,"₹1,422.82","₹21,441.35"
27-Dec-2023,"₹1,278.01",₹815.48,"₹3,501.97",₹986.09,"₹1,444.15","₹21,654.75"
28-Dec-2023,"₹1,287.25",₹816.42,"₹3,491.59",₹989.68,"₹1,440.05","₹21,778.70"
29-Dec-2023,"₹1,277.07",₹818.33,"₹3,485.62",₹980.53,"₹1,421.85","₹21,731.40"
01-Jan-2024,"₹1,279.69",₹812.99,"₹3,501.88",₹983.28,"₹1,429.64","₹21,741.90"
02-Jan-2024,"₹1,290.29",₹813.47,"₹3,476.24",₹966.41,"₹1,414.02","₹21,665.80"
03-Jan-2024,"₹1,276.26",₹800.93,"₹3,392.21",₹968.18,"₹1,373.10","₹21,517.35"
04-Jan-2024,"₹1,282.85",₹809.52,"₹3,369.29",₹971.23,"₹1,394.02","₹21,658.60"
05-Jan-2024,"₹1,288.31",₹805.38,"₹3,434.62",₹977.67,"₹1,412.31","₹21,710.80"
08-Jan-2024,"₹1,278.26",₹796.41,"₹3,379.86",₹966.16,"₹1,403.33","₹21,513.00"
09-Jan-2024,"₹1,274.88",₹790.21,"₹3,390.51",₹963.95,"₹1,409.32","₹21,544.85"
10-Jan-2024,"₹1,309.26",₹792.81,"₹3,411.79",₹977.04,"₹1,400.65","₹21,618.70"
11-Jan-2024,"₹1,343.70",₹789.49,"₹3,432.46",₹975.17,"₹1,376.97","₹21,647.20"
12-Jan-2024,"₹1,354.39",₹785.75,"₹3,567.76",₹987.32,"₹1,486.22","₹21,894.55"
15-Jan-2024,"₹1,377.51",₹800.88,"₹3,587.06",₹993.56,"₹1,522.48","₹22,097.45"
16-Jan-2024,"₹1,358.25",₹803.92,"₹3,548.01",₹992.78,"₹1,503.54","₹22,032.30"
17-Jan-2024,"₹1,345.35",₹736.10,"₹3,569.42",₹965.92,"₹1,511.52","₹21,571.95"
18-Jan-2024,"₹1,351.65",₹711.52,"₹3,585.96",₹970.44,"₹1,513.73","₹21,462.25"
19-Jan-2024,"₹1,351.16",₹704.10,"₹3,648.37",₹983.09,"₹1,529.02","₹21,622.40"
23-Jan-2024,"₹1,312.74",₹683.37,"₹3,569.90","₹1,012.45","₹1,513.31","₹21,238.80"
24-Jan-2024,"₹1,327.86",₹697.04,"₹3,554.68",₹983.09,"₹1,543.95","₹21,453.95"
25-Jan-2024,"₹1,336.95",₹686.98,"₹3,525.54",₹993.66,"₹1,538.15","₹21,352.60"
29-Jan-2024,"₹1,430.80",₹696.44,"₹3,516.93","₹1,000.01","₹1,526.63","₹21,737.60"
30-Jan-2024,"₹1,390.85",₹691.48,"₹3,516.52","₹1,000.50","₹1,521.88","₹21,522.10"
31-Jan-2024,"₹1,409.63",₹700.22,"₹3,530.76","₹1,011.57","₹1,530.59","₹21,725.70"
01-Feb-2024,"₹1,409.65",₹702.04,"₹3,566.11","₹1,008.62","₹1,527.04","₹21,697.45"
02-Feb-2024,"₹1,440.33",₹692.37,"₹3,669.88","₹1,007.49","₹1,560.50","₹21,853.80"
05-Feb-2024,"₹1,421.88",₹691.75,"₹3,676.36","₹1,006.99","₹1,554.83","₹21,771.70"
06-Feb-2024,"₹1,410.79",₹691.39,"₹3,826.90","₹1,009.85","₹1,593.76","₹21,929.40"
07-Feb-2024,"₹1,424.97",₹684.61,"₹3,778.23","₹1,005.67","₹1,560.86","₹21,930.50"
08-Feb-2024,"₹1,432.85",₹671.73,"₹3,825.14",₹973.35,"₹1,559.34","₹21,717.95"
09-Feb-2024,"₹1,443.34",₹672.00,"₹3,824.77",₹994.40,"₹1,538.38","₹21,782.50"
12-Feb-2024,"₹1,435.04",₹665.49,"₹3,812.74",₹980.04,"₹1,548.28","₹21,616.05"
13-Feb-2024,"₹1,447.64",₹667.62,"₹3,839.39","₹1,003.35","₹1,552.39","₹21,743.25"
14-Feb-2024,"₹1,463.72",₹662.64,"₹3,793.68","₹1,006.21","₹1,535.48","₹21,840.05"
15-Feb-2024,"₹1,453.08",₹677.00,"₹3,796.55","₹1,000.25","₹1,544.83","₹21,910.75"
16-Feb-2024,"₹1,443.17",₹679.80,"₹3,819.77","₹1,006.75","₹1,568.14","₹22,040.70"
19-Feb-2024,"₹1,456.44",₹678.46,"₹3,797.10","₹1,026.92","₹1,566.39","₹22,122.25"
20-Feb-2024,"₹1,453.50",₹696.27,"₹3,729.42","₹1,031.84","₹1,553.03","₹22,196.95"
21-Feb-2024,"₹1,450.21",₹689.02,"₹3,693.20","₹1,034.99","₹1,525.66","₹22,055.05"
22-Feb-2024,"₹1,464.09",₹679.63,"₹3,781.65","₹1,045.56","₹1,549.44","₹22,217.45"
23-Feb-2024,"₹1,475.83",₹680.14,"₹3,749.27","₹1,044.18","₹1,545.29","₹22,212.70"
26-Feb-2024,"₹1,469.60",₹680.95,"₹3,702.03","₹1,037.20","₹1,529.90","₹22,122.05"
27-Feb-2024,"₹1,467.95",₹679.92,"₹3,797.66","₹1,043.10","₹1,533.08","₹22,198.35"
28-Feb-2024,"₹1,438.28",₹674.77,"₹3,811.12","₹1,029.33","₹1,540.13","₹21,951.15"
29-Feb-2024,"₹1,443.39",₹671.90,"₹3,789.05","₹1,035.23","₹1,542.57","₹21,982.80"
01-Mar-2024,"₹1,474.35",₹685.00,"₹3,788.36","₹1,069.37","₹1,524.88","₹22,338.75"
04-Mar-2024,"₹1,489.44",₹685.93,"₹3,775.73","₹1,074.73","₹1,508.75","₹22,405.60"
05-Mar-2024,"₹1,482.32",₹689.83,"₹3,712.26","₹1,070.50","₹1,480.46","₹22,356.30"
06-Mar-2024,"₹1,485.09",₹690.67,"₹3,760.55","₹1,079.41","₹1,490.64","₹22,474.05"
07-Mar-2024,"₹1,461.30",₹692.35,"₹3,801.54","₹1,070.40","₹1,489.63","₹22,493.55"
11-Mar-2024,"₹1,449.12",₹683.58,"₹3,814.27","₹1,061.30","₹1,475.02","₹22,332.65"
12-Mar-2024,"₹1,457.84",₹698.78,"₹3,878.94","₹1,059.48","₹1,486.40","₹22,335.70"
13-Mar-2024,"₹1,415.11",₹699.19,"₹3,838.92","₹1,066.47","₹1,484.97","₹21,997.70"
14-Mar-2024,"₹1,414.42",₹696.82,"₹3,893.15","₹1,066.12","₹1,523.59","₹22,146.65"
15-Mar-2024,"₹1,401.33",₹695.48,"₹3,903.92","₹1,062.93","₹1,505.80","₹22,023.35"
18-Mar-2024,"₹1,422.32",₹692.32,"₹3,842.16","₹1,063.76","₹1,476.91","₹22,055.70"
19-Mar-2024,"₹1,408.27",₹693.90,"₹3,680.06","₹1,066.47","₹1,438.94","₹21,817.45"
20-Mar-2024,"₹1,426.55",₹685.14,"₹3,674.13","₹1,067.01","₹1,432.95","₹21,839.10"
21-Mar-2024,"₹1,433.69",₹692.18,"₹3,676.03","₹1,064.35","₹1,432.72","₹22,011.95"
22-Mar-2024,"₹1,437.69",₹690.79,"₹3,618.62","₹1,072.72","₹1,390.47","₹22,096.75"
26-Mar-2024,"₹1,424.40",₹682.43,"₹3,587.72","₹1,066.22","₹1,375.54","₹22,004.70"
27-Mar-2024,"₹1,475.06",₹689.76,"₹3,553.85","₹1,066.27","₹1,367.43","₹22,123.65"
28-Mar-2024,"₹1,468.15",₹693.21,"₹3,586.60","₹1,075.67","₹1,380.52","₹22,326.90"
01-Apr-2024,"₹1,467.08",₹704.03,"₹3,624.03","₹1,081.92","₹1,378.12","₹22,462.00"
02-Apr-2024,"₹1,469.23",₹708.65,"₹3,593.54","₹1,063.76","₹1,366.51","₹22,453.30"
03-Apr-2024,"₹1,454.07",₹709.68,"₹3,652.30","₹1,059.83","₹1,364.48","₹22,434.65"
04-Apr-2024,"₹1,445.49",₹731.36,"₹3,704.11","₹1,061.45","₹1,370.06","₹22,514.65"
05-Apr-2024,"₹1,442.70",₹741.87,"₹3,681.86","₹1,065.93","₹1,363.05","₹22,513.70"
08-Apr-2024,"₹1,468.27",₹740.46,"₹3,675.66","₹1,069.62","₹1,360.84","₹22,666.30"
09-Apr-2024,"₹1,446.21",₹741.39,"₹3,651.60","₹1,089.20","₹1,377.57","₹22,642.75"
10-Apr-2024,"₹1,461.95",₹735.55,"₹3,686.86","₹1,091.51","₹1,388.58","₹22,753.80"
12-Apr-2024,"₹1,449.67",₹727.22,"₹3,702.36","₹1,086.59","₹1,368.26","₹22,519.40"
15-Apr-2024,"₹1,447.37",₹715.61,"₹3,646.65","₹1,060.96","₹1,352.96","₹22,272.50"
16-Apr-2024,"₹1,448.28",₹722.58,"₹3,583.37","₹1,049.84","₹1,303.48","₹22,147.90"
18-Apr-2024,"₹1,446.88",₹715.61,"₹3,573.37","₹1,038.43","₹1,307.90","₹21,995.85"
19-Apr-2024,"₹1,452.61",₹733.14,"₹3,540.25","₹1,050.04","₹1,300.53","₹22,147.00"
22-Apr-2024,"₹1,462.22",₹723.99,"₹3,575.78","₹1,069.13","₹1,320.34","₹22,336.40"
23-Apr-2024,"₹1,441.94",₹721.79,"₹3,585.12","₹1,072.67","₹1,329.23","₹22,368.00"
24-Apr-2024,"₹1,432.90",₹723.75,"₹3,544.74","₹1,079.06","₹1,318.50","₹22,402.40"
25-Apr-2024,"₹1,442.58",₹723.30,"₹3,564.31","₹1,095.79","₹1,325.59","₹22,570.35"
26-Apr-2024,"₹1,435.24",₹722.84,"₹3,535.76","₹1,090.03","₹1,318.04","₹22,419.95"
29-Apr-2024,"₹1,447.57",₹732.27,"₹3,580.96","₹1,141.44","₹1,322.18","₹22,643.40"
30-Apr-2024,"₹1,449.52",₹727.77,"₹3,535.11","₹1,131.85","₹1,309.10","₹22,604.85"
02-May-2024,"₹1,449.08",₹733.59,"₹3,574.58","₹1,121.07","₹1,303.48","₹22,648.20"
03-May-2024,"₹1,416.91",₹727.53,"₹3,556.16","₹1,123.63","₹1,305.18","₹22,475.85"
06-May-2024,"₹1,402.61",₹728.99,"₹3,628.01","₹1,127.81","₹1,314.03","₹22,442.70"
07-May-2024,"₹1,384.78",₹721.10,"₹3,681.58","₹1,113.65","₹1,327.90","₹22,302.50"
08-May-2024,"₹1,401.65",₹709.84,"₹3,679.73","₹1,104.89","₹1,315.32","₹22,302.50"
09-May-2024,"₹1,377.51",₹693.02,"₹3,664.23","₹1,097.71","₹1,326.61","₹21,957.50"
10-May-2024,"₹1,390.65",₹697.82,"₹3,602.89","₹1,099.04","₹1,313.11","₹22,055.20"
13-May-2024,"₹1,385.99",₹706.24,"₹3,652.76","₹1,109.81","₹1,311.77","₹22,104.05"
14-May-2024,"₹1,403.15",₹709.01,"₹3,609.64","₹1,102.48","₹1,312.92","₹22,217.85"
15-May-2024,"₹1,399.40",₹698.11,"₹3,590.40","₹1,106.22","₹1,308.55","₹22,200.55"
16-May-2024,"₹1,408.37",₹708.67,"₹3,635.65","₹1,112.81","₹1,339.32","₹22,403.85"
17-May-2024,"₹1,418.59",₹710.54,"₹3,573.34","₹1,112.27","₹1,330.98","₹22,466.10"
21-May-2024,"₹1,419.01",₹707.96,"₹3,560.39","₹1,102.87","₹1,321.63","₹22,529.05"
22-May-2024,"₹1,443.25",₹708.16,"₹3,571.39","₹1,093.18","₹1,340.66","₹22,597.80"
23-May-2024,"₹1,468.34",₹724.37,"₹3,628.66","₹1,116.20","₹1,356.88","₹22,967.65"
24-May-2024,"₹1,462.61",₹736.30,"₹3,587.70","₹1,113.70","₹1,350.15","₹22,957.10"
27-May-2024,"₹1,448.78",₹741.40,"₹3,585.41","₹1,111.58","₹1,355.91","₹22,932.45"
28-May-2024,"₹1,438.85",₹742.76,"₹3,578.75","₹1,108.78","₹1,351.95","₹22,888.15"
29-May-2024,"₹1,423.61",₹731.99,"₹3,544.96","₹1,084.23","₹1,337.11","₹22,704.70"
30-May-2024,"₹1,407.87",₹735.16,"₹3,482.01","₹1,095.74","₹1,315.46","₹22,488.65"
31-May-2024,"₹1,413.36",₹743.27,"₹3,421.29","₹1,102.97","₹1,322.46","₹22,530.70"
03-Jun-2024,"₹1,492.33",₹763.00,"₹3,451.02","₹1,141.29","₹1,321.52","₹23,263.90"
04-Jun-2024,"₹1,380.63",₹719.78,"₹3,462.34","₹1,054.17","₹1,310.01","₹21,884.50"
05-Jun-2024,"₹1,403.82",₹753.10,"₹3,491.65","₹1,090.77","₹1,344.27","₹22,620.35"
06-Jun-2024,"₹1,414.54",₹756.93,"₹3,569.89","₹1,092.49","₹1,383.89","₹22,821.40"
07-Jun-2024,"₹1,452.43",₹763.55,"₹3,629.12","₹1,103.61","₹1,441.56","₹23,290.15"
10-Jun-2024,"₹1,453.87",₹757.71,"₹3,596.27","₹1,105.68","₹1,409.74","₹23,259.20"
11-Jun-2024,"₹1,439.32",₹759.41,"₹3,590.12","₹1,100.17","₹1,405.98","₹23,264.85"
12-Jun-2024,"₹1,445.89",₹763.94,"₹3,571.06","₹1,101.50","₹1,396.06","₹23,322.95"
13-Jun-2024,"₹1,447.79",₹767.15,"₹3,614.40","₹1,089.49","₹1,404.29","₹23,398.90"
14-Jun-2024,"₹1,459.94",₹774.98,"₹3,571.43","₹1,087.82","₹1,399.54","₹23,465.60"
18-Jun-2024,"₹1,463.38",₹780.27,"₹3,555.64","₹1,104.74","₹1,408.28","₹23,557.90"
19-Jun-2024,"₹1,441.27",₹804.56,"₹3,543.15","₹1,125.99","₹1,420.64","₹23,516.00"
20-Jun-2024,"₹1,456.14",₹810.14,"₹3,529.68","₹1,138.14","₹1,424.45","₹23,567.00"
21-Jun-2024,"₹1,436.87",₹808.40,"₹3,551.58","₹1,139.96","₹1,440.71","₹23,501.10"
24-Jun-2024,"₹1,424.30",₹811.62,"₹3,557.22","₹1,151.23","₹1,435.49","₹23,537.85"
25-Jun-2024,"₹1,436.82",₹830.53,"₹3,577.40","₹1,178.63","₹1,449.40","₹23,721.30"
26-Jun-2024,"₹1,495.98",₹825.75,"₹3,593.61","₹1,198.36","₹1,448.23","₹23,868.80"
27-Jun-2024,"₹1,512.31",₹823.15,"₹3,666.59","₹1,200.23","₹1,478.92","₹24,044.50"
28-Jun-2024,"₹1,546.75",₹817.16,"₹3,638.63","₹1,180.25","₹1,472.72","₹24,010.60"
01-Jul-2024,"₹1,541.56",₹827.54,"₹3,707.64","₹1,192.31","₹1,495.32","₹24,141.95"
02-Jul-2024,"₹1,546.53",₹839.87,"₹3,744.18","₹1,171.40","₹1,523.76","₹24,123.85"
03-Jul-2024,"₹1,533.93",₹858.33,"₹3,695.57","₹1,182.22","₹1,529.73","₹24,286.50"
04-Jul-2024,"₹1,535.51",₹838.19,"₹3,747.49","₹1,213.12","₹1,551.58","₹24,302.15"
05-Jul-2024,"₹1,569.70",₹799.83,"₹3,738.96","₹1,213.51","₹1,548.57","₹24,323.85"
08-Jul-2024,"₹1,581.82",₹793.64,"₹3,721.62","₹1,215.13","₹1,561.92","₹24,320.55"
09-Jul-2024,"₹1,571.33",₹794.20,"₹3,714.45","₹1,228.12","₹1,557.69","₹24,433.20"
10-Jul-2024,"₹1,565.35",₹789.15,"₹3,643.29","₹1,223.15","₹1,549.32","₹24,324.45"
11-Jul-2024,"₹1,561.82",₹787.12,"₹3,656.85","₹1,218.48","₹1,553.51","₹24,315.95"
12-Jul-2024,"₹1,577.70",₹787.50,"₹3,899.40","₹1,213.02","₹1,609.01","₹24,502.15"
15-Jul-2024,"₹1,578.19",₹787.21,"₹3,885.65","₹1,210.11","₹1,604.60","₹24,586.70"
16-Jul-2024,"₹1,557.47",₹786.07,"₹3,894.27","₹1,219.90","₹1,622.45","₹24,613.00"
18-Jul-2024,"₹1,567.77",₹783.67,"₹4,022.05","₹1,230.14","₹1,652.53","₹24,800.85"
19-Jul-2024,"₹1,536.62",₹780.03,"₹4,019.11","₹1,228.51","₹1,685.34","₹24,530.90"
22-Jul-2024,"₹1,482.79",₹797.14,"₹4,005.05","₹1,221.13","₹1,702.17","₹24,509.25"
23-Jul-2024,"₹1,470.17",₹785.42,"₹4,019.06","₹1,206.97","₹1,726.65","₹24,479.05"
24-Jul-2024,"₹1,477.88",₹778.45,"₹4,022.70","₹1,203.28","₹1,723.88","₹24,413.50"
25-Jul-2024,"₹1,474.62",₹784.54,"₹4,037.88","₹1,178.58","₹1,715.32","₹24,406.10"
26-Jul-2024,"₹1,491.04",₹785.30,"₹4,098.93","₹1,187.73","₹1,766.13","₹24,834.85"
29-Jul-2024,"₹1,501.99",₹778.94,"₹4,092.62","₹1,193.14","₹1,758.80","₹24,836.10"
30-Jul-2024,"₹1,495.12",₹784.03,"₹4,077.91","₹1,189.95","₹1,764.49","₹24,857.30"
31-Jul-2024,"₹1,487.49",₹784.13,"₹4,096.59","₹1,195.31","₹1,756.12","₹24,951.15"
01-Aug-2024,"₹1,497.24",₹795.32,"₹4,107.57","₹1,190.58","₹1,741.41","₹25,010.90"
02-Aug-2024,"₹1,481.46",₹805.19,"₹4,001.03","₹1,177.25","₹1,711.89","₹24,717.70"
05-Aug-2024,"₹1,430.08",₹784.13,"₹3,881.46","₹1,153.69","₹1,646.75","₹24,055.60"
06-Aug-2024,"₹1,438.70",₹777.07,"₹3,896.55","₹1,148.03","₹1,646.00","₹23,992.55"
07-Aug-2024,"₹1,447.37",₹787.89,"₹3,923.87","₹1,153.54","₹1,684.12","₹24,297.50"
08-Aug-2024,"₹1,431.86",₹797.21,"₹3,897.81","₹1,145.82","₹1,638.53","₹24,117.00"
09-Aug-2024,"₹1,456.73",₹800.85,"₹3,950.31","₹1,152.71","₹1,664.47","₹24,367.50"
12-Aug-2024,"₹1,443.22",₹805.65,"₹3,919.39","₹1,163.82","₹1,689.52","₹24,347.00"
13-Aug-2024,"₹1,446.19",₹778.04,"₹3,920.60","₹1,159.40","₹1,689.57","₹24,139.00"
14-Aug-2024,"₹1,444.43",₹780.27,"₹4,012.43","₹1,152.76","₹1,713.82","₹24,143.75"
16-Aug-2024,"₹1,460.59",₹792.07,"₹4,125.27","₹1,178.16","₹1,747.38","₹24,541.15"
19-Aug-2024,"₹1,475.66",₹791.80,"₹4,194.35","₹1,166.90","₹1,752.88","₹24,572.65"
20-Aug-2024,"₹1,483.14",₹794.78,"₹4,225.46","₹1,170.42","₹1,759.83","₹24,698.85"
21-Aug-2024,"₹1,485.84",₹789.01,"₹4,251.81","₹1,165.85","₹1,760.30","₹24,770.20"
22-Aug-2024,"₹1,485.30",₹791.68,"₹4,205.56","₹1,181.98","₹1,767.40","₹24,811.50"
23-Aug-2024,"₹1,487.13",₹788.64,"₹4,169.97","₹1,194.28","₹1,750.34","₹24,823.15"
26-Aug-2024,"₹1,499.65",₹795.88,"₹4,205.98","₹1,204.01","₹1,763.55","₹25,010.60"
27-Aug-2024,"₹1,487.60",₹794.81,"₹4,201.03","₹1,216.96","₹1,786.06","₹25,017.75"
28-Aug-2024,"₹1,485.47",₹794.49,"₹4,209.35","₹1,214.48","₹1,822.72","₹25,052.35"
29-Aug-2024,"₹1,507.90",₹795.20,"₹4,214.72","₹1,212.54","₹1,817.31","₹25,151.95"
30-Aug-2024,"₹1,496.70",₹794.40,"₹4,253.91","₹1,219.79","₹1,827.04","₹25,235.90"
02-Sep-2024,"₹1,503.27",₹789.57,"₹4,223.36","₹1,220.53","₹1,846.59","₹25,278.70"
03-Sep-2024,"₹1,496.20",₹794.61,"₹4,215.23","₹1,238.15","₹1,824.74","₹25,279.85"
04-Sep-2024,"₹1,501.58",₹796.77,"₹4,184.31","₹1,226.88","₹1,807.07","₹25,198.70"
05-Sep-2024,"₹1,480.19",₹798.55,"₹4,181.23","₹1,226.49","₹1,817.12","₹25,145.10"
06-Sep-2024,"₹1,452.28",₹794.42,"₹4,163.29","₹1,198.90","₹1,787.70","₹24,852.15"
09-Sep-2024,"₹1,449.93",₹799.05,"₹4,156.57","₹1,225.54","₹1,780.94","₹24,936.40"
10-Sep-2024,"₹1,449.01",₹800.92,"₹4,211.03","₹1,227.83","₹1,797.53","₹25,041.10"
11-Sep-2024,"₹1,439.07",₹797.79,"₹4,184.41","₹1,226.88","₹1,795.51","₹24,918.45"
12-Sep-2024,"₹1,467.13",₹808.81,"₹4,220.23","₹1,242.56","₹1,833.39","₹25,388.90"
13-Sep-2024,"₹1,460.02",₹808.49,"₹4,224.81","₹1,240.78","₹1,827.42","₹25,356.50"
16-Sep-2024,"₹1,458.75",₹810.92,"₹4,216.07","₹1,253.18","₹1,833.20","₹25,383.75"
17-Sep-2024,"₹1,459.69",₹809.88,"₹4,208.97","₹1,258.39","₹1,835.36","₹25,418.55"
18-Sep-2024,"₹1,450.92",₹822.49,"₹4,059.98","₹1,278.49","₹1,778.59","₹25,377.55"
19-Sep-2024,"₹1,457.09",₹829.14,"₹4,013.27","₹1,282.11","₹1,780.51","₹25,415.80"
20-Sep-2024,"₹1,473.20",₹845.01,"₹4,002.76","₹1,328.20","₹1,791.37","₹25,790.95"
23-Sep-2024,"₹1,480.59",₹854.04,"₹3,987.44","₹1,311.78","₹1,782.63","₹25,939.05"
24-Sep-2024,"₹1,476.62",₹858.04,"₹3,990.05","₹1,308.50","₹1,784.65","₹25,940.40"
25-Sep-2024,"₹1,481.16",₹863.41,"₹3,993.28","₹1,313.71","₹1,781.55","₹26,004.15"
26-Sep-2024,"₹1,485.12",₹865.52,"₹4,009.86","₹1,318.87","₹1,786.20","₹26,216.05"
27-Sep-2024,"₹1,513.11",₹850.57,"₹4,024.99","₹1,296.60","₹1,792.31","₹26,178.95"
30-Sep-2024,"₹1,463.93",₹840.57,"₹3,987.44","₹1,263.25","₹1,763.03","₹25,810.85"
01-Oct-2024,"₹1,452.28",₹837.73,"₹4,005.56","₹1,264.64","₹1,790.05","₹25,796.90"
03-Oct-2024,"₹1,394.93",₹816.28,"₹3,954.04","₹1,246.73","₹1,779.76","₹25,250.10"
04-Oct-2024,"₹1,374.65",₹804.47,"₹3,972.26","₹1,230.26","₹1,803.03","₹25,014.60"
07-Oct-2024,"₹1,358.99",₹785.13,"₹3,991.50","₹1,224.45","₹1,818.21","₹24,795.75"
08-Oct-2024,"₹1,385.39",₹801.26,"₹3,973.19","₹1,227.13","₹1,831.60","₹25,013.15"
09-Oct-2024,"₹1,362.83",₹792.58,"₹3,972.91","₹1,234.62","₹1,835.55","₹24,981.95"
10-Oct-2024,"₹1,359.31",₹806.77,"₹3,949.05","₹1,233.98","₹1,803.82","₹24,998.45"
11-Oct-2024,"₹1,360.35",₹801.24,"₹3,875.99","₹1,213.64","₹1,818.96","₹24,964.25"
14-Oct-2024,"₹1,360.77",₹819.24,"₹3,864.27","₹1,222.32","₹1,841.33","₹25,127.95"
15-Oct-2024,"₹1,332.52",₹817.30,"₹3,845.73","₹1,245.89","₹1,841.71","₹25,057.35"
16-Oct-2024,"₹1,342.48",₹824.92,"₹3,825.32","₹1,233.63","₹1,804.86","₹24,971.30"
17-Oct-2024,"₹1,344.81",₹811.99,"₹3,838.44","₹1,221.82","₹1,849.98","₹24,749.85"
18-Oct-2024,"₹1,347.66",₹816.21,"₹3,860.96","₹1,254.82","₹1,766.79","₹24,854.05"
21-Oct-2024,"₹1,357.48",₹838.95,"₹3,820.51","₹1,249.41","₹1,741.55","₹24,781.10"
22-Oct-2024,"₹1,331.85",₹832.08,"₹3,760.25","₹1,257.79","₹1,740.47","₹24,472.10"
23-Oct-2024,"₹1,327.06",₹842.39,"₹3,807.77","₹1,242.02","₹1,760.96","₹24,435.50"
24-Oct-2024,"₹1,328.33",₹849.11,"₹3,790.59","₹1,243.16","₹1,751.51","₹24,399.40"
25-Oct-2024,"₹1,316.48",₹846.08,"₹3,799.63","₹1,245.84","₹1,750.29","₹24,180.80"
28-Oct-2024,"₹1,322.93",₹841.62,"₹3,830.81","₹1,282.95","₹1,753.39","₹24,339.15"
29-Oct-2024,"₹1,328.53",₹850.18,"₹3,816.20","₹1,321.65","₹1,748.59","₹24,466.85"
30-Oct-2024,"₹1,332.39",₹841.81,"₹3,825.00","₹1,302.10","₹1,713.23","₹24,340.85"
31-Oct-2024,"₹1,320.65",₹842.34,"₹3,716.19","₹1,282.36","₹1,670.59","₹24,205.35"
01-Nov-2024,"₹1,327.19",₹843.12,"₹3,730.94","₹1,281.91","₹1,674.01","₹24,304.35"
04-Nov-2024,"₹1,291.00",₹831.86,"₹3,712.16","₹1,267.42","₹1,676.67","₹23,995.35"
05-Nov-2024,"₹1,294.12",₹853.09,"₹3,718.91","₹1,286.77","₹1,667.69","₹24,213.30"
06-Nov-2024,"₹1,314.00",₹851.83,"₹3,876.51","₹1,292.38","₹1,733.76","₹24,484.05"
07-Nov-2024,"₹1,294.47",₹847.61,"₹3,887.04","₹1,268.91","₹1,714.13","₹24,199.35"
08-Nov-2024,"₹1,272.76",₹851.44,"₹3,883.39","₹1,249.21","₹1,739.70","₹24,148.20"
11-Nov-2024,"₹1,261.80",₹857.19,"₹3,931.80","₹1,259.58","₹1,768.37","₹24,141.30"
12-Nov-2024,"₹1,263.34",₹833.85,"₹3,930.59","₹1,260.87","₹1,776.64","₹23,883.45"
13-Nov-2024,"₹1,241.33",₹815.97,"₹3,886.53","₹1,244.10","₹1,776.26","₹23,559.05"
14-Nov-2024,"₹1,256.75",₹821.50,"₹3,882.36","₹1,247.33","₹1,772.60","₹23,532.70"
18-Nov-2024,"₹1,249.96",₹827.49,"₹3,763.99","₹1,243.85","₹1,722.12","₹23,453.80"
19-Nov-2024,"₹1,231.02",₹845.52,"₹3,782.77","₹1,239.54","₹1,734.76","₹23,518.50"
21-Nov-2024,"₹1,212.53",₹845.01,"₹3,813.95","₹1,240.97","₹1,743.60","₹23,349.90"
22-Nov-2024,"₹1,254.57",₹847.15,"₹3,974.79","₹1,268.26","₹1,808.44","₹23,907.25"
25-Nov-2024,"₹1,275.98",₹866.56,"₹4,040.80","₹1,290.99","₹1,796.51","₹24,221.90"
26-Nov-2024,"₹1,284.61",₹866.54,"₹4,076.01","₹1,294.96","₹1,829.26","₹24,194.50"
27-Nov-2024,"₹1,282.13",₹879.52,"₹4,057.14","₹1,290.74","₹1,829.59","₹24,274.90"
28-Nov-2024,"₹1,259.92",₹870.22,"₹3,975.07","₹1,276.50","₹1,765.09","₹23,914.15"
29-Nov-2024,"₹1,281.14",₹871.63,"₹3,999.37","₹1,290.15","₹1,766.23","₹24,131.10"
02-Dec-2024,"₹1,297.94",₹875.83,"₹4,004.80","₹1,294.66","₹1,787.10","₹24,276.05"
03-Dec-2024,"₹1,311.97",₹886.31,"₹4,029.24","₹1,298.38","₹1,798.79","₹24,457.15"
04-Dec-2024,"₹1,297.74",₹902.72,"₹4,077.61","₹1,305.97","₹1,796.08","₹24,467.45"
05-Dec-2024,"₹1,310.73",₹905.46,"₹4,180.29","₹1,326.27","₹1,839.43","₹24,708.40"
06-Dec-2024,"₹1,300.32",₹900.65,"₹4,162.92","₹1,318.58","₹1,827.60","₹24,677.80"
09-Dec-2024,"₹1,284.06",₹907.52,"₹4,169.14","₹1,312.18","₹1,828.78","₹24,619.00"
10-Dec-2024,"₹1,273.85",₹906.60,"₹4,150.79","₹1,320.26","₹1,852.46","₹24,610.05"
11-Dec-2024,"₹1,267.26",₹904.17,"₹4,146.01","₹1,317.34","₹1,876.79","₹24,641.80"
12-Dec-2024,"₹1,252.09",₹902.30,"₹4,171.77","₹1,319.07","₹1,889.01","₹24,548.70"
13-Dec-2024,"₹1,261.95",₹908.37,"₹4,189.51","₹1,334.60","₹1,901.08","₹24,768.30"
16-Dec-2024,"₹1,257.44",₹905.19,"₹4,134.54","₹1,335.79","₹1,882.40","₹24,668.25"
17-Dec-2024,"₹1,234.64",₹889.69,"₹4,053.35","₹1,323.54","₹1,879.12","₹24,336.00"
18-Dec-2024,"₹1,242.52",₹878.74,"₹4,071.47","₹1,304.09","₹1,881.55","₹24,198.85"
19-Dec-2024,"₹1,219.91",₹870.39,"₹4,000.35","₹1,277.05","₹1,850.22","₹23,951.70"
20-Dec-2024,"₹1,194.98",₹859.72,"₹3,905.21","₹1,278.53","₹1,827.36","₹23,587.50"
23-Dec-2024,"₹1,211.83",₹874.03,"₹3,893.97","₹1,286.87","₹1,829.40","₹23,753.45"
24-Dec-2024,"₹1,212.28",₹872.63,"₹3,913.82","₹1,287.32","₹1,814.90","₹23,727.65"
26-Dec-2024,"₹1,206.13",₹869.06,"₹3,904.09","₹1,287.42","₹1,813.33","₹23,750.20"
27-Dec-2024,"₹1,210.60",₹872.70,"₹3,900.11","₹1,297.54","₹1,822.22","₹23,813.40"
30-Dec-2024,"₹1,200.33",₹862.82,"₹3,894.44","₹1,284.74","₹1,812.00","₹23,644.90"
31-Dec-2024,"₹1,205.04",₹860.37,"₹3,834.51","₹1,271.84","₹1,787.29","₹23,644.80"
01-Jan-2025,"₹1,210.79",₹865.18,"₹3,851.04","₹1,273.82","₹1,789.66","₹23,742.90"
02-Jan-2025,"₹1,231.17",₹870.52,"₹3,910.31","₹1,280.72","₹1,861.30","₹24,188.65"
03-Jan-2025,"₹1,240.44",₹848.90,"₹3,839.28","₹1,255.36","₹1,843.14","₹24,004.75"
06-Jan-2025,"₹1,207.57",₹830.11,"₹3,834.70","₹1,254.42","₹1,842.28","₹23,616.05"
07-Jan-2025,"₹1,230.23",₹831.52,"₹3,772.24","₹1,269.45","₹1,835.63","₹23,707.90"
08-Jan-2025,"₹1,254.66",₹822.25,"₹3,847.24","₹1,254.07","₹1,837.81","₹23,688.95"
09-Jan-2025,"₹1,244.01",₹809.39,"₹3,782.11","₹1,252.73","₹1,822.75","₹23,526.50"
10-Jan-2025,"₹1,231.27",₹804.03,"₹3,994.50","₹1,240.28","₹1,869.95","₹23,431.50"
13-Jan-2025,"₹1,229.23",₹791.46,"₹4,018.33","₹1,220.33","₹1,865.43","₹23,085.95"
14-Jan-2025,"₹1,228.14",₹799.10,"₹3,963.97","₹1,230.80","₹1,844.37","₹23,176.05"
15-Jan-2025,"₹1,241.48",₹797.38,"₹3,979.47","₹1,228.77","₹1,853.50","₹23,213.20"
16-Jan-2025,"₹1,255.61",₹801.75,"₹3,938.92","₹1,239.54","₹1,833.35","₹23,311.80"
17-Jan-2025,"₹1,291.20",₹794.32,"₹3,933.20","₹1,216.07","₹1,725.92","₹23,203.20"
20-Jan-2025,"₹1,294.27",₹801.36,"₹3,888.85","₹1,223.51","₹1,723.88","₹23,344.75"
21-Jan-2025,"₹1,262.79",₹797.06,"₹3,848.85","₹1,186.99","₹1,711.90","₹23,024.65"
22-Jan-2025,"₹1,266.17",₹808.54,"₹3,964.00","₹1,191.26","₹1,764.90","₹23,155.35"
23-Jan-2025,"₹1,252.83",₹807.98,"₹3,953.37","₹1,192.55","₹1,773.45","₹23,205.35"
24-Jan-2025,"₹1,235.63",₹800.66,"₹3,959.95","₹1,199.94","₹1,782.96","₹23,092.20"
27-Jan-2025,"₹1,218.82",₹790.95,"₹3,876.79","₹1,218.55","₹1,732.15","₹22,829.15"
28-Jan-2025,"₹1,223.83",₹810.65,"₹3,853.09","₹1,237.35","₹1,739.51","₹22,957.25"
29-Jan-2025,"₹1,224.92",₹814.00,"₹3,909.83","₹1,242.07","₹1,788.47","₹23,163.10"
30-Jan-2025,"₹1,242.32",₹820.89,"₹3,910.07","₹1,245.99","₹1,768.22","₹23,249.50"
31-Jan-2025,"₹1,254.27",₹824.41,"₹3,921.85","₹1,243.21","₹1,787.10","₹23,508.40"
01-Feb-2025,"₹1,253.77",₹820.63,"₹3,884.42","₹1,245.94","₹1,760.05","₹23,482.15"
03-Feb-2025,"₹1,235.23",₹814.34,"₹3,880.13","₹1,243.41","₹1,771.41","₹23,361.05"
04-Feb-2025,"₹1,274.20",₹835.16,"₹3,916.75","₹1,258.49","₹1,805.16","₹23,739.25"
05-Feb-2025,"₹1,267.26",₹843.36,"₹3,901.54","₹1,257.99","₹1,803.50","₹23,696.30"
06-Feb-2025,"₹1,270.58",₹846.30,"₹3,893.57","₹1,262.66","₹1,821.18","₹23,603.35"
07-Feb-2025,"₹1,255.85",₹840.91,"₹3,842.70","₹1,247.28","₹1,809.77","₹23,559.95"
10-Feb-2025,"₹1,242.92",₹832.66,"₹3,849.90","₹1,252.93","₹1,787.57","₹23,381.60"
11-Feb-2025,"₹1,224.28",₹825.70,"₹3,779.90","₹1,243.16","₹1,783.15","₹23,071.80"
12-Feb-2025,"₹1,206.13",₹828.32,"₹3,767.12","₹1,242.21","₹1,771.27","₹23,045.25"
13-Feb-2025,"₹1,205.69",₹823.90,"₹3,728.97","₹1,239.34","₹1,752.35","₹23,031.40"
14-Feb-2025,"₹1,206.83",₹822.52,"₹3,752.53","₹1,250.45","₹1,764.85","₹22,929.25"
17-Feb-2025,"₹1,214.41",₹833.44,"₹3,723.58","₹1,241.57","₹1,751.45","₹22,959.50"
18-Feb-2025,"₹1,214.91",₹836.20,"₹3,693.73","₹1,233.53","₹1,760.62","₹22,945.30"
19-Feb-2025,"₹1,216.94",₹838.22,"₹3,608.76","₹1,251.99","₹1,721.50","₹22,932.90"
20-Feb-2025,"₹1,222.44",₹818.76,"₹3,604.28","₹1,240.38","₹1,735.14","₹22,913.15"
21-Feb-2025,"₹1,217.63",₹821.38,"₹3,610.57","₹1,223.51","₹1,725.49","₹22,795.90"
24-Feb-2025,"₹1,204.15",₹813.90,"₹3,505.29","₹1,209.02","₹1,677.10","₹22,553.35"
25-Feb-2025,"₹1,193.69",₹816.45,"₹3,461.37","₹1,214.78","₹1,680.52","₹22,547.55"
27-Feb-2025,"₹1,196.76",₹825.36,"₹3,445.16","₹1,213.09","₹1,677.29","₹22,545.05"
28-Feb-2025,"₹1,189.82",₹840.74,"₹3,321.85","₹1,194.88","₹1,604.47","₹22,124.70"
03-Mar-2025,"₹1,161.22",₹825.77,"₹3,331.20","₹1,196.96","₹1,624.34","₹22,119.30"
04-Mar-2025,"₹1,151.95",₹829.87,"₹3,368.39","₹1,201.13","₹1,605.04","₹22,082.65"
05-Mar-2025,"₹1,165.53",₹820.17,"₹3,382.70","₹1,206.39","₹1,627.10","₹22,337.30"
06-Mar-2025,"₹1,199.24",₹820.75,"₹3,434.72","₹1,208.72","₹1,631.23","₹22,544.70"
07-Mar-2025,"₹1,239.10",₹819.80,"₹3,443.87","₹1,205.25","₹1,602.85","₹22,552.50"
10-Mar-2025,"₹1,227.80",₹818.95,"₹3,423.32","₹1,205.55","₹1,617.54","₹22,460.30"
11-Mar-2025,"₹1,236.62",₹817.98,"₹3,409.64","₹1,235.86","₹1,579.66","₹22,497.90"
12-Mar-2025,"₹1,246.29",₹830.43,"₹3,343.74","₹1,234.43","₹1,512.40","₹22,470.50"
13-Mar-2025,"₹1,237.22",₹828.22,"₹3,348.36","₹1,240.48","₹1,501.94","₹22,397.20"
17-Mar-2025,"₹1,228.24",₹830.07,"₹3,335.63","₹1,259.28","₹1,511.64","₹22,508.75"
18-Mar-2025,"₹1,228.24",₹830.07,"₹3,335.63","₹1,259.28","₹1,511.64","₹22,834.30"
19-Mar-2025,"₹1,236.47",₹846.42,"₹3,335.06","₹1,303.05","₹1,508.31","₹22,907.60"
20-Mar-2025,"₹1,258.28",₹858.38,"₹3,398.05","₹1,311.58","₹1,535.88","₹23,190.65"
21-Mar-2025,"₹1,265.42",₹859.16,"₹3,412.31","₹1,332.82","₹1,514.01","₹23,350.40"
24-Mar-2025,"₹1,290.95",₹873.55,"₹3,460.80","₹1,347.75","₹1,514.20","₹23,658.35"
25-Mar-2025,"₹1,274.44",₹883.96,"₹3,488.27","₹1,333.41","₹1,548.14","₹23,668.65"
26-Mar-2025,"₹1,262.15",₹876.73,"₹3,467.33","₹1,325.67","₹1,520.57","₹23,486.85"
27-Mar-2025,"₹1,267.26",₹885.85,"₹3,482.02","₹1,326.42","₹1,524.47","₹23,591.95"
28-Mar-2025,"₹1,264.18",₹887.23,"₹3,439.06","₹1,338.03","₹1,493.19","₹23,519.35"
01-Apr-2025,"₹1,241.88",₹857.95,"₹3,386.27","₹1,308.35","₹1,451.22","₹23,165.70"
02-Apr-2025,"₹1,240.44",₹872.04,"₹3,379.74","₹1,321.06","₹1,473.70","₹23,332.35"
03-Apr-2025,"₹1,238.01",₹871.05,"₹3,245.46","₹1,319.37","₹1,422.70","₹23,250.10"
04-Apr-2025,"₹1,194.39",₹881.94,"₹3,146.52","₹1,325.08","₹1,380.06","₹22,904.45"
07-Apr-2025,"₹1,155.72",₹853.02,"₹3,122.35","₹1,277.69","₹1,327.87","₹22,161.60"
08-Apr-2025,"₹1,172.08",₹858.58,"₹3,140.37","₹1,289.95","₹1,358.34","₹22,535.85"
09-Apr-2025,"₹1,175.20",₹856.56,"₹3,096.17","₹1,290.84","₹1,334.48","₹22,399.15"
11-Apr-2025,"₹1,208.51",₹876.82,"₹3,081.77","₹1,301.61","₹1,339.94","₹22,828.55"
15-Apr-2025,"₹1,229.48",₹905.05,"₹3,097.69","₹1,339.86","₹1,355.68","₹23,328.55"
16-Apr-2025,"₹1,228.69",₹911.40,"₹3,122.11","₹1,346.01","₹1,343.41","₹23,437.20"
17-Apr-2025,"₹1,263.59",₹925.33,"₹3,146.04","₹1,395.93","₹1,349.50","₹23,851.65"
21-Apr-2025,"₹1,284.41",₹935.23,"₹3,167.69","₹1,399.01","₹1,379.44","₹24,125.55"
22-Apr-2025,"₹1,280.14",₹952.02,"₹3,160.83","₹1,405.65","₹1,352.63","₹24,167.25"
23-Apr-2025,"₹1,288.87",₹933.68,"₹3,254.86","₹1,413.49","₹1,402.16","₹24,328.95"
24-Apr-2025,"₹1,290.46",₹930.23,"₹3,243.99","₹1,391.96","₹1,398.84","₹24,246.70"
25-Apr-2025,"₹1,289.27",₹927.51,"₹3,288.24","₹1,394.04","₹1,407.20","₹24,039.35"
28-Apr-2025,"₹1,357.08",₹931.88,"₹3,283.94","₹1,417.86","₹1,409.01","₹24,328.50"
29-Apr-2025,"₹1,387.72",₹926.35,"₹3,311.60","₹1,418.85","₹1,423.65","₹24,335.95"
30-Apr-2025,"₹1,392.97",₹934.21,"₹3,293.67","₹1,416.07","₹1,426.12","₹24,334.20"
02-May-2025,"₹1,407.64",₹932.71,"₹3,272.02","₹1,419.15","₹1,432.59","₹24,346.70"
05-May-2025,"₹1,419.05",₹939.94,"₹3,294.24","₹1,418.46","₹1,434.20","₹24,461.15"
06-May-2025,"₹1,408.73",₹937.46,"₹3,299.68","₹1,420.64","₹1,436.96","₹24,379.60"
07-May-2025,"₹1,393.96",₹944.21,"₹3,285.47","₹1,424.41","₹1,433.92","₹24,414.40"
08-May-2025,"₹1,394.95",₹935.91,"₹3,289.09","₹1,424.51","₹1,436.86","₹24,273.80"
09-May-2025,"₹1,365.41",₹917.08,"₹3,280.89","₹1,378.27","₹1,433.25","₹24,008.00"
12-May-2025,"₹1,424.20",₹949.84,"₹3,452.65","₹1,437.41","₹1,546.67","₹24,924.70"
13-May-2025,"₹1,403.58",₹933.05,"₹3,352.13","₹1,419.65","₹1,491.24","₹24,578.35"
14-May-2025,"₹1,412.20",₹927.22,"₹3,384.27","₹1,415.28","₹1,513.87","₹24,666.90"
15-May-2025,"₹1,441.75",₹938.48,"₹3,414.02","₹1,439.69","₹1,533.45","₹25,062.10"
16-May-2025,"₹1,443.93",₹938.92,"₹3,396.29","₹1,442.87","₹1,511.49","₹25,019.80"
19-May-2025,"₹1,428.46",₹940.86,"₹3,355.75","₹1,437.91","₹1,482.88","₹24,945.45"
20-May-2025,"₹1,412.40",₹929.31,"₹3,336.20","₹1,427.19","₹1,483.64","₹24,683.90"
21-May-2025,"₹1,416.96",₹935.09,"₹3,362.43","₹1,433.64","₹1,491.15","₹24,813.45"
22-May-2025,"₹1,397.33",₹931.74,"₹3,315.89","₹1,431.06","₹1,471.18","₹24,609.70"
23-May-2025,"₹1,414.58",₹938.39,"₹3,351.75","₹1,438.70","₹1,487.63","₹24,853.15"
26-May-2025,"₹1,422.52",₹941.59,"₹3,373.40","₹1,449.42","₹1,502.56","₹25,001.15"
27-May-2025,"₹1,409.92",₹934.84,"₹3,336.59","₹1,435.32","₹1,492.67","₹24,826.20"
28-May-2025,"₹1,400.80",₹933.48,"₹3,335.63","₹1,442.67","₹1,494.29","₹24,752.45"
29-May-2025,"₹1,405.66",₹935.43,"₹3,336.01","₹1,445.35","₹1,507.40","₹24,833.60"
30-May-2025,"₹1,408.73",₹943.87,"₹3,302.92","₹1,434.73","₹1,506.54","₹24,750.70"
02-Jun-2025,"₹1,401.60",₹937.66,"₹3,289.95","₹1,439.39","₹1,497.96","₹24,716.60"
03-Jun-2025,"₹1,393.47",₹934.02,"₹3,247.42","₹1,426.89","₹1,487.55","₹24,542.50"
04-Jun-2025,"₹1,411.31",₹942.07,"₹3,252.90","₹1,420.04","₹1,495.45","₹24,620.20"
05-Jun-2025,"₹1,430.05",₹946.15,"₹3,243.47","₹1,443.66","₹1,498.44","₹24,750.90"
06-Jun-2025,"₹1,431.14",₹960.27,"₹3,256.08","₹1,448.52","₹1,507.60","₹25,003.05"
09-Jun-2025,"₹1,436.40",₹960.37,"₹3,292.35","₹1,423.81","₹1,516.37","₹25,103.20"
10-Jun-2025,"₹1,426.18",₹953.77,"₹3,331.80","₹1,412.00","₹1,538.64","₹25,104.25"
11-Jun-2025,"₹1,436.49",₹946.54,"₹3,340.46","₹1,420.04","₹1,572.48","₹25,141.40"
12-Jun-2025,"₹1,429.26",₹943.14,"₹3,304.18","₹1,414.29","₹1,550.79","₹24,888.20"
13-Jun-2025,"₹1,415.67",₹930.62,"₹3,315.25","₹1,405.26","₹1,544.42","₹24,718.60"
16-Jun-2025,"₹1,425.49",₹939.26,"₹3,363.93","₹1,415.97","₹1,565.44","₹24,946.50"
17-Jun-2025,"₹1,418.95",₹936.44,"₹3,382.21","₹1,412.30","₹1,580.96","₹24,853.40"
18-Jun-2025,"₹1,417.86",₹938.53,"₹3,320.73","₹1,401.78","₹1,574.21","₹24,812.05"
19-Jun-2025,"₹1,421.03",₹939.21,"₹3,294.37","₹1,400.49","₹1,560.24","₹24,793.25"
20-Jun-2025,"₹1,453.65",₹953.48,"₹3,305.63","₹1,416.17","₹1,564.57","₹25,112.40"
23-Jun-2025,"₹1,444.33",₹945.57,"₹3,265.12","₹1,409.23","₹1,527.07","₹24,971.90"
24-Jun-2025,"₹1,438.38",₹951.63,"₹3,262.04","₹1,413.20","₹1,524.76","₹25,044.35"
25-Jun-2025,"₹1,454.74",₹961.00,"₹3,314.38","₹1,414.88","₹1,556.86","₹25,244.75"
26-Jun-2025,"₹1,482.50",₹981.19,"₹3,311.50","₹1,428.08","₹1,557.92","₹25,549.00"
27-Jun-2025,"₹1,502.43",₹988.60,"₹3,310.82","₹1,451.00","₹1,550.21","₹25,637.80"
30-Jun-2025,"₹1,487.75",₹982.02,"₹3,330.93","₹1,434.73","₹1,544.23","₹25,517.05"
01-Jul-2025,"₹1,515.31",₹987.22,"₹3,299.86","₹1,421.04","₹1,549.05","₹25,541.80"
02-Jul-2025,"₹1,505.80",₹974.42,"₹3,293.70","₹1,416.87","₹1,552.62","₹25,453.40"
03-Jul-2025,"₹1,504.80",₹974.96,"₹3,272.05","₹1,414.98","₹1,560.52","₹25,405.30"
04-Jul-2025,"₹1,514.22",₹976.04,"₹3,290.33","₹1,431.75","₹1,581.73","₹25,461.00"
07-Jul-2025,"₹1,528.30",₹975.11,"₹3,282.54","₹1,424.71","₹1,568.53","₹25,461.30"
08-Jul-2025,"₹1,524.43",₹981.97,"₹3,277.24","₹1,430.96","₹1,579.81","₹25,522.50"
09-Jul-2025,"₹1,505.99",₹986.78,"₹3,255.69","₹1,420.94","₹1,574.99","₹25,476.10"
10-Jul-2025,"₹1,504.21",₹984.33,"₹3,253.96","₹1,413.20","₹1,557.73","₹25,355.25"
11-Jul-2025,"₹1,482.40",₹973.29,"₹3,142.35","₹1,411.01","₹1,537.58","₹25,149.85"
14-Jul-2025,"₹1,471.00",₹972.95,"₹3,100.69","₹1,412.10","₹1,513.86","₹25,082.30"
15-Jul-2025,"₹1,472.68",₹979.08,"₹3,129.17","₹1,419.84","₹1,528.61","₹25,195.80"
16-Jul-2025,"₹1,472.88",₹979.47,"₹3,121.25","₹1,415.48","₹1,550.11","₹25,212.05"
17-Jul-2025,"₹1,463.76",₹974.86,"₹3,098.18","₹1,407.84","₹1,526.59","₹25,111.45"
18-Jul-2025,"₹1,463.36",₹960.39,"₹3,079.55","₹1,414.88","₹1,529.10","₹24,968.40"
21-Jul-2025,"₹1,416.37",₹981.53,"₹3,048.95","₹1,454.58","₹1,527.36","₹25,090.70"
22-Jul-2025,"₹1,400.70",₹984.77,"₹3,050.30","₹1,462.32","₹1,514.44","₹25,060.90"
23-Jul-2025,"₹1,412.40",₹993.21,"₹3,069.12","₹1,477.20","₹1,517.91","₹25,219.90"
24-Jul-2025,"₹1,390.89",₹988.25,"₹3,039.10","₹1,472.04","₹1,496.70","₹25,062.10"
25-Jul-2025,"₹1,379.78",₹985.99,"₹3,027.32","₹1,465.79","₹1,461.23","₹24,837.00"
28-Jul-2025,"₹1,375.72",₹987.91,"₹2,972.78","₹1,477.00","₹1,461.52","₹24,680.90"
29-Jul-2025,"₹1,404.97",₹994.35,"₹2,950.28","₹1,474.82","₹1,459.30","₹24,821.10"
30-Jul-2025,"₹1,398.03",₹996.42,"₹2,947.96","₹1,471.05","₹1,464.41","₹24,855.05"
31-Jul-2025,"₹1,378.30",₹992.68,"₹2,931.75","₹1,470.06","₹1,454.77","₹24,768.35"
01-Aug-2025,"₹1,381.77",₹989.73,"₹2,899.11","₹1,460.33","₹1,416.78","₹24,565.35"
04-Aug-2025,"₹1,399.41",₹979.79,"₹2,968.04","₹1,452.00","₹1,427.29","₹24,722.75"
05-Aug-2025,"₹1,379.78",₹972.71,"₹2,957.91","₹1,433.34","₹1,407.82","₹24,649.55"
06-Aug-2025,"₹1,380.87",₹976.50,"₹2,927.40","₹1,432.55","₹1,385.07","₹24,574.20"
07-Aug-2025,"₹1,377.50",₹981.47,"₹2,941.59","₹1,429.27","₹1,385.26","₹24,596.15"
08-Aug-2025,"₹1,356.09",₹970.89,"₹2,931.36","₹1,424.91","₹1,371.95","₹24,363.30"
11-Aug-2025,"₹1,374.33",₹981.57,"₹2,935.61","₹1,425.60","₹1,376.87","₹24,585.05"
12-Aug-2025,"₹1,368.58",₹968.92,"₹2,930.39","₹1,422.00","₹1,372.92","₹24,487.40"
13-Aug-2025,"₹1,370.76",₹974.04,"₹2,931.17","₹1,420.80","₹1,375.33","₹24,619.35"
14-Aug-2025,"₹1,367.48",₹979.35,"₹2,917.75","₹1,427.30","₹1,395.67","₹24,631.30"
18-Aug-2025,"₹1,375.34",₹985.50,"₹2,907.03","₹1,434.60","₹1,384.20","₹24,876.95"
19-Aug-2025,"₹1,413.56",₹979.35,"₹2,911.86","₹1,436.30","₹1,388.25","₹24,980.65"
20-Aug-2025,"₹1,406.50",₹977.93,"₹2,991.41","₹1,430.60","₹1,442.43","₹25,050.55"
21-Aug-2025,"₹1,418.24",₹979.40,"₹2,995.27","₹1,446.00","₹1,442.62","₹25,083.75"
22-Aug-2025,"₹1,402.71",₹966.32,"₹2,948.35","₹1,436.40","₹1,434.04","₹24,870.10"
25-Aug-2025,"₹1,406.10",₹966.07,"₹3,031.95","₹1,433.20","₹1,477.04","₹24,967.75"
26-Aug-2025,"₹1,378.53",₹957.56,"₹3,047.98","₹1,416.60","₹1,474.63","₹24,712.05"
28-Aug-2025,"₹1,379.52",₹942.22,"₹2,986.68","₹1,399.10","₹1,446.19","₹24,500.90"
29-Aug-2025,"₹1,350.95",₹936.12,"₹2,977.99","₹1,397.80","₹1,416.78","₹24,426.85"
01-Sep-2025,"₹1,347.67",₹935.13,"₹3,004.92","₹1,411.00","₹1,445.51","₹24,625.05"
02-Sep-2025,"₹1,360.21",₹929.13,"₹3,003.86","₹1,394.20","₹1,444.84","₹24,579.60"
03-Sep-2025,"₹1,366.28",₹938.92,"₹2,990.35","₹1,397.00","₹1,425.94","₹24,715.05"
04-Sep-2025,"₹1,353.04",₹945.61,"₹2,988.61","₹1,405.50","₹1,410.42","₹24,734.30"
05-Sep-2025,"₹1,368.67",₹947.73,"₹2,942.85","₹1,402.80","₹1,392.68","₹24,741.00"
08-Sep-2025,"₹1,372.16",₹950.28,"₹2,914.56","₹1,402.70","₹1,381.40","₹24,773.15"
09-Sep-2025,"₹1,369.87",₹949.45,"₹2,943.91","₹1,403.70","₹1,450.24","₹24,868.60"
10-Sep-2025,"₹1,370.66",₹950.18,"₹3,002.41","₹1,403.90","₹1,477.52","₹24,973.10"
11-Sep-2025,"₹1,376.93",₹952.05,"₹3,016.12","₹1,401.60","₹1,455.44","₹25,005.50"
12-Sep-2025,"₹1,388.58",₹951.56,"₹3,025.00","₹1,417.70","₹1,470.77","₹25,114.00"
15-Sep-2025,"₹1,392.86",₹951.32,"₹3,004.25","₹1,419.40","₹1,454.19","₹25,069.20"
16-Sep-2025,"₹1,398.83",₹951.12,"₹3,036.88","₹1,421.60","₹1,456.98","₹25,239.10"
17-Sep-2025,"₹1,407.29",₹950.77,"₹3,063.04","₹1,419.20","₹1,467.69","₹25,330.25"
18-Sep-2025,"₹1,408.49",₹961.01,"₹3,066.81","₹1,421.70","₹1,485.23","₹25,423.60"
19-Sep-2025,"₹1,400.92",₹951.17,"₹3,059.57","₹1,402.20","₹1,484.85","₹25,327.05"
22-Sep-2025,"₹1,384.20",₹948.51,"₹2,967.47","₹1,401.50","₹1,445.61","₹25,202.35"
23-Sep-2025,"₹1,383.40",₹941.63,"₹2,956.46","₹1,394.30","₹1,443.68","₹25,169.50"
24-Sep-2025,"₹1,376.64",₹935.58,"₹2,930.39","₹1,382.70","₹1,440.88","₹25,056.90"
25-Sep-2025,"₹1,366.08",₹934.40,"₹2,855.09","₹1,375.80","₹1,431.44","₹24,890.85"
26-Sep-2025,"₹1,371.26",₹929.67,"₹2,798.81","₹1,359.60","₹1,396.83","₹24,654.70"
29-Sep-2025,"₹1,366.48",₹934.84,"₹2,795.91","₹1,348.10","₹1,389.98","₹24,634.90"
30-Sep-2025,"₹1,357.72",₹935.53,"₹2,788.48","₹1,348.00","₹1,389.98","₹24,611.10"
01-Oct-2025,"₹1,362.40",₹949.55,"₹2,813.39","₹1,372.00","₹1,393.84","₹24,836.30"
03-Oct-2025,"₹1,357.13",₹949.45,"₹2,801.51","₹1,365.20","₹1,394.61","₹24,894.25"
06-Oct-2025,"₹1,368.67",₹957.61,"₹2,885.02","₹1,363.40","₹1,422.95","₹25,077.65"
07-Oct-2025,"₹1,378.43",₹966.51,"₹2,870.83","₹1,375.90","₹1,406.08","₹25,108.30"
08-Oct-2025,"₹1,361.11",₹962.78,"₹2,922.48","₹1,370.30","₹1,441.27","₹25,046.15"
09-Oct-2025,"₹1,371.46",₹961.20,"₹2,955.78","₹1,376.20","₹1,455.06","₹25,181.80"
10-Oct-2025,"₹1,375.34",₹964.94,"₹2,923.54","₹1,380.30","₹1,460.45","₹25,285.35"
13-Oct-2025,"₹1,368.67",₹961.10,"₹2,903.17","₹1,379.40","₹1,439.53","₹25,227.35"
14-Oct-2025,"₹1,369.57",₹961.25,"₹2,857.89","₹1,384.10","₹1,436.35","₹25,145.50"
15-Oct-2025,"₹1,367.98",₹962.33,"₹2,877.76","₹1,398.40","₹1,421.41","₹25,323.55"
16-Oct-2025,"₹1,391.86",₹978.17,"₹2,878.63","₹1,417.30","₹1,418.61","₹25,585.30"
17-Oct-2025,"₹1,410.28",₹986.24,"₹2,870.39","₹1,436.60","₹1,389.31","₹25,709.85"
20-Oct-2025,"₹1,460.05",₹986.63,"₹2,921.75","₹1,390.30","₹1,408.40","₹25,843.15"
21-Oct-2025,"₹1,458.46",₹991.30,"₹2,913.51","₹1,382.00","₹1,419.48","₹25,868.60"
23-Oct-2025,"₹1,441.73",₹992.39,"₹2,977.95","₹1,363.70","₹1,473.57","₹25,891.40"
24-Oct-2025,"₹1,444.92",₹978.57,"₹2,968.26","₹1,377.70","₹1,470.58","₹25,795.15"
27-Oct-2025,"₹1,477.27",₹986.63,"₹2,989.29","₹1,377.60","₹1,472.63","₹25,966.05"
28-Oct-2025,"₹1,480.06",₹987.22,"₹2,963.13","₹1,363.10","₹1,468.42","₹25,936.20"
29-Oct-2025,"₹1,497.28",₹991.45,"₹2,962.84","₹1,370.40","₹1,478.41","₹26,053.90"
30-Oct-2025,"₹1,481.65",₹981.91,"₹2,941.23","₹1,362.40","₹1,462.16","₹25,877.85"
31-Oct-2025,"₹1,479.56",₹971.24,"₹2,963.22","₹1,345.30","₹1,450.90","₹25,722.10"
03-Nov-2025,"₹1,477.87",₹976.50,"₹2,923.30","₹1,346.40","₹1,454.04","₹25,763.35"
04-Nov-2025,"₹1,466.32",₹969.22,"₹2,897.52","₹1,336.90","₹1,436.81","₹25,597.65"
06-Nov-2025,"₹1,489.21",₹968.63,"₹2,917.58","₹1,320.40","₹1,435.63","₹25,509.70"
07-Nov-2025,"₹1,471.20",₹966.32,"₹2,899.07","₹1,343.00","₹1,445.52","₹25,492.30"
10-Nov-2025,"₹1,482.45",₹968.48,"₹2,931.44","₹1,348.00","₹1,481.44","₹25,574.35"
11-Nov-2025,"₹1,486.53",₹975.56,"₹2,952.56","₹1,358.30","₹1,497.89","₹25,694.95"
12-Nov-2025,"₹1,504.54",₹973.40,"₹3,034.74","₹1,358.90","₹1,518.83","₹25,875.80"
13-Nov-2025,"₹1,503.95",₹970.60,"₹3,009.44","₹1,385.90","₹1,509.14","₹25,879.15"
14-Nov-2025,"₹1,511.91",₹973.50,"₹3,009.74","₹1,373.00","₹1,470.97","₹25,910.05"
17-Nov-2025,"₹1,511.31",₹980.34,"₹3,006.05","₹1,379.00","₹1,475.67","₹26,013.45"
18-Nov-2025,"₹1,512.41",₹976.30,"₹2,991.42","₹1,373.40","₹1,454.92","₹25,910.05"
19-Nov-2025,"₹1,511.91",₹978.42,"₹3,050.14","₹1,383.10","₹1,508.46","₹26,052.65"
20-Nov-2025,"₹1,541.97",₹992.44,"₹3,047.33","₹1,383.00","₹1,503.96","₹26,192.15"
21-Nov-2025,"₹1,539.48",₹981.81,"₹3,052.95","₹1,369.50","₹1,512.28","₹26,068.15"
24-Nov-2025,"₹1,528.83",₹982.89,"₹3,043.84","₹1,368.40","₹1,515.21","₹25,959.50"
25-Nov-2025,"₹1,532.61",₹973.70,"₹3,022.53","₹1,357.80","₹1,498.18","₹25,884.80"
26-Nov-2025,"₹1,562.67",₹987.57,"₹3,064.87","₹1,375.00","₹1,524.90","₹26,205.30"
27-Nov-2025,"₹1,556.20",₹993.08,"₹3,039.39","₹1,392.20","₹1,533.22","₹26,215.55"
28-Nov-2025,"₹1,560.29",₹991.21,"₹3,040.26","₹1,388.80","₹1,527.06","₹26,202.95"
01-Dec-2025,"₹1,558.89",₹985.80,"₹3,036.29","₹1,390.10","₹1,530.87","₹26,175.75"
02-Dec-2025,"₹1,539.18",₹973.70,"₹3,038.51","₹1,373.00","₹1,527.94","₹26,032.20"
03-Dec-2025,"₹1,531.72",₹984.22,"₹3,081.44","₹1,391.50","₹1,545.26","₹25,986.00"
04-Dec-2025,"₹1,528.53",₹980.98,"₹3,129.12","₹1,386.70","₹1,563.76","₹26,033.75"
05-Dec-2025,"₹1,533.51",₹986.98,"₹3,137.84","₹1,392.50","₹1,581.97","₹26,186.45"
08-Dec-2025,"₹1,535.90",₹986.78,"₹3,136.19","₹1,389.60","₹1,576.68","₹25,960.55"
09-Dec-2025,"₹1,522.36",₹980.88,"₹3,108.86","₹1,375.20","₹1,565.13","₹25,839.65"
10-Dec-2025,"₹1,529.83",₹973.70,"₹3,090.36","₹1,363.60","₹1,551.23","₹25,758.00"
11-Dec-2025,"₹1,537.89",₹984.02,"₹3,092.97","₹1,360.00","₹1,564.15","₹25,898.55"
12-Dec-2025,"₹1,549.34",₹985.21,"₹3,120.69","₹1,366.00","₹1,564.35","₹26,046.95"
15-Dec-2025,"₹1,549.04",₹979.89,"₹3,130.09","₹1,365.20","₹1,572.77","₹26,027.30"
16-Dec-2025,"₹1,535.20",₹978.12,"₹3,105.76","₹1,366.00","₹1,559.16","₹25,860.10"
17-Dec-2025,"₹1,537.29",₹967.99,"₹3,118.07","₹1,352.40","₹1,568.07","₹25,818.55"
18-Dec-2025,"₹1,537.29",₹963.76,"₹3,179.12","₹1,356.80","₹1,592.34","₹25,815.55"
19-Dec-2025,"₹1,557.90",₹969.47,"₹3,180.28","₹1,354.10","₹1,603.99","₹25,966.40"
22-Dec-2025,"₹1,568.15",₹971.63,"₹3,221.85","₹1,368.50","₹1,653.81","₹26,172.40"
23-Dec-2025,"₹1,563.47",₹980.38,"₹3,207.41","₹1,363.00","₹1,632.96","₹26,177.15"
24-Dec-2025,"₹1,551.03",₹980.98,"₹3,216.13","₹1,359.80","₹1,628.17","₹26,142.10"
26-Dec-2025,"₹1,552.02",₹975.96,"₹3,178.34","₹1,350.40","₹1,621.02","₹26,042.30"
29-Dec-2025,"₹1,538.49",₹975.56,"₹3,150.73","₹1,343.30","₹1,609.86","₹25,942.10"
30-Dec-2025,"₹1,532.71",₹974.78,"₹3,146.17","₹1,342.50","₹1,587.25","₹25,938.85"
31-Dec-2025,"₹1,563.17",₹975.07,"₹3,106.83","₹1,342.90","₹1,581.18","₹26,129.60"
