Daily Returns & Portfolio Return,,,,,,,
Daily return = Current Price / Previous Price − 1. Portfolio return = weighted sum of stock returns.,,,,,,,
,,,,,,,
Date,Reliance Industries,HDFC Bank,TCS,ICICI Bank,Infosys,Portfolio Return,NIFTY 50
02-Jan-2023,-,-,-,-,-,-,-
03-Jan-2023,(0.73%),0.65%,1.53%,(0.12%),(0.10%),0.25%,0.19%
04-Jan-2023,(1.51%),(1.79%),0.10%,(0.25%),(1.82%),(1.11%),(1.04%)
05-Jan-2023,(0.18%),(0.64%),(0.11%),(2.22%),(1.31%),(0.76%),(0.28%)
06-Jan-2023,0.91%,(0.33%),(3.01%),(1.03%),(1.81%),(0.88%),(0.74%)
09-Jan-2023,2.36%,0.19%,3.38%,0.37%,2.48%,1.74%,1.35%
10-Jan-2023,(1.48%),(1.83%),(1.01%),(1.37%),(0.99%),(1.38%),(1.03%)
11-Jan-2023,(1.26%),1.44%,1.29%,0.57%,0.10%,0.40%,(0.10%)
12-Jan-2023,(2.16%),0.53%,0.17%,(0.65%),0.64%,(0.37%),(0.21%)
13-Jan-2023,(0.16%),0.08%,1.21%,1.49%,1.56%,0.68%,0.55%
16-Jan-2023,(0.95%),(0.96%),1.05%,(0.94%),1.45%,(0.19%),(0.34%)
17-Jan-2023,1.42%,1.49%,1.33%,(0.01%),0.92%,1.13%,0.89%
18-Jan-2023,(0.17%),1.77%,0.34%,0.50%,0.38%,0.60%,0.62%
19-Jan-2023,(0.11%),0.42%,(0.50%),(0.39%),(0.42%),(0.14%),(0.32%)
20-Jan-2023,(1.19%),1.02%,(0.30%),0.48%,(0.87%),(0.16%),(0.44%)
23-Jan-2023,(0.51%),0.73%,1.54%,0.16%,1.47%,0.61%,0.50%
24-Jan-2023,(0.59%),1.34%,0.63%,(0.11%),0.25%,0.33%,(0.00%)
25-Jan-2023,(1.38%),(2.76%),(0.19%),(1.77%),(0.57%),(1.43%),(1.25%)
27-Jan-2023,(1.90%),(1.99%),(0.55%),(4.45%),(1.55%),(1.98%),(1.61%)
30-Jan-2023,0.96%,(0.10%),0.66%,0.77%,1.29%,0.66%,0.25%
31-Jan-2023,(0.25%),(0.66%),(2.18%),1.02%,(0.33%),(0.56%),0.07%
01-Feb-2023,(0.59%),1.50%,1.48%,1.93%,1.13%,0.98%,(0.26%)
02-Feb-2023,(0.55%),(1.49%),1.53%,1.17%,2.10%,0.29%,(0.03%)
03-Feb-2023,0.09%,3.46%,0.63%,0.69%,0.99%,1.26%,1.38%
06-Feb-2023,(0.75%),(0.43%),(0.64%),(1.17%),(1.85%),(0.88%),(0.50%)
07-Feb-2023,(0.24%),0.15%,0.36%,(0.11%),(0.47%),(0.04%),(0.24%)
08-Feb-2023,2.00%,(0.01%),1.37%,0.74%,1.80%,1.15%,0.85%
09-Feb-2023,0.17%,(0.21%),0.59%,0.20%,1.67%,0.39%,0.12%
10-Feb-2023,(0.82%),0.40%,(0.09%),(0.81%),(0.52%),(0.32%),(0.21%)
13-Feb-2023,(0.57%),0.08%,(1.56%),(0.37%),(2.56%),(0.87%),(0.48%)
14-Feb-2023,2.36%,0.93%,0.51%,1.72%,1.65%,1.43%,0.89%
15-Feb-2023,2.26%,(0.20%),0.59%,0.64%,0.24%,0.76%,0.48%
16-Feb-2023,(0.08%),(0.36%),1.06%,(0.16%),0.30%,0.12%,0.11%
17-Feb-2023,0.42%,(0.50%),(1.60%),(0.78%),(1.12%),(0.63%),(0.51%)
20-Feb-2023,(1.06%),(0.94%),(0.40%),(1.22%),0.55%,(0.68%),(0.56%)
21-Feb-2023,0.82%,0.37%,(1.04%),0.25%,(0.81%),0.00%,(0.10%)
22-Feb-2023,(2.27%),(1.96%),(1.43%),(1.75%),(1.12%),(1.77%),(1.53%)
23-Feb-2023,(0.48%),(0.68%),0.36%,0.06%,(0.71%),(0.32%),(0.25%)
24-Feb-2023,0.68%,(0.89%),(0.39%),(0.01%),(0.00%),(0.13%),(0.26%)
27-Feb-2023,(0.66%),0.25%,(2.02%),1.99%,(2.67%),(0.61%),(0.42%)
28-Feb-2023,(1.91%),0.42%,(0.57%),(0.18%),(1.44%),(0.73%),(0.51%)
01-Mar-2023,0.92%,(0.10%),2.20%,0.17%,0.57%,0.76%,0.85%
02-Mar-2023,(0.76%),(0.85%),(1.90%),(0.27%),(1.60%),(1.06%),(0.74%)
03-Mar-2023,2.55%,1.98%,0.62%,1.70%,0.49%,1.59%,1.57%
06-Mar-2023,0.98%,0.71%,0.89%,(0.09%),1.90%,0.87%,0.67%
08-Mar-2023,0.36%,0.20%,0.55%,0.50%,(0.98%),0.18%,0.24%
09-Mar-2023,(2.40%),0.01%,(1.58%),(1.85%),(0.82%),(1.32%),(0.93%)
10-Mar-2023,(1.55%),(2.58%),(0.18%),(1.55%),(0.60%),(1.39%),(1.00%)
13-Mar-2023,(1.64%),(1.27%),(1.47%),(1.69%),(2.48%),(1.65%),(1.49%)
14-Mar-2023,(0.37%),(0.27%),(2.04%),0.24%,(1.05%),(0.69%),(0.65%)
15-Mar-2023,(1.71%),(1.44%),(0.50%),(0.54%),(0.02%),(0.97%),(0.42%)
16-Mar-2023,(0.50%),0.65%,(0.43%),(0.24%),(1.10%),(0.25%),0.08%
17-Mar-2023,(0.13%),1.34%,(0.18%),1.50%,1.18%,0.67%,0.67%
20-Mar-2023,(0.98%),(0.69%),(1.13%),0.02%,(1.20%),(0.82%),(0.65%)
21-Mar-2023,3.11%,1.13%,(1.18%),1.91%,(0.92%),0.97%,0.70%
22-Mar-2023,0.30%,(0.23%),0.80%,0.92%,(0.10%),0.30%,0.26%
23-Mar-2023,(1.27%),(0.80%),(0.20%),(0.55%),(1.06%),(0.80%),(0.44%)
24-Mar-2023,(1.98%),(0.16%),(0.13%),(0.36%),0.44%,(0.55%),(0.77%)
27-Mar-2023,1.55%,0.44%,0.06%,(0.43%),0.60%,0.53%,0.24%
28-Mar-2023,0.47%,0.81%,(0.20%),0.71%,(0.82%),0.26%,(0.20%)
29-Mar-2023,(0.59%),0.48%,0.74%,(0.44%),0.43%,0.12%,0.76%
31-Mar-2023,4.31%,1.37%,2.13%,3.08%,3.21%,2.79%,1.63%
03-Apr-2023,0.02%,0.06%,(0.18%),0.75%,(1.20%),(0.08%),0.22%
05-Apr-2023,(0.24%),2.68%,1.24%,0.09%,0.90%,1.01%,0.91%
06-Apr-2023,0.67%,0.76%,(0.59%),(1.09%),(0.12%),0.06%,0.24%
10-Apr-2023,(0.71%),(0.47%),1.33%,(0.75%),0.40%,(0.08%),0.14%
11-Apr-2023,0.49%,0.29%,(1.52%),1.55%,(1.50%),(0.10%),0.56%
12-Apr-2023,0.44%,1.30%,0.87%,0.94%,1.58%,0.98%,0.51%
13-Apr-2023,0.38%,0.45%,(1.63%),0.99%,(2.74%),(0.38%),0.09%
17-Apr-2023,0.51%,(1.52%),(1.55%),0.26%,(9.42%),(1.94%),(0.68%)
18-Apr-2023,(1.14%),(0.42%),(0.28%),(0.49%),0.08%,(0.51%),(0.26%)
19-Apr-2023,0.50%,0.37%,(1.31%),(0.55%),(2.16%),(0.45%),(0.23%)
20-Apr-2023,(0.25%),0.37%,0.49%,0.28%,(0.71%),0.06%,0.03%
21-Apr-2023,0.13%,0.16%,1.81%,(0.98%),0.32%,0.33%,(0.00%)
24-Apr-2023,0.38%,0.81%,0.44%,2.16%,(0.09%),0.70%,0.68%
25-Apr-2023,0.77%,(1.42%),0.04%,0.96%,(0.11%),(0.03%),0.15%
26-Apr-2023,(0.59%),0.46%,0.70%,0.16%,0.22%,0.16%,0.25%
27-Apr-2023,0.63%,0.55%,(0.32%),0.37%,1.52%,0.52%,0.57%
28-Apr-2023,1.83%,0.39%,0.98%,(0.08%),0.52%,0.82%,0.84%
02-May-2023,0.85%,(0.02%),0.00%,0.48%,1.97%,0.58%,0.46%
03-May-2023,(0.86%),0.35%,(1.23%),0.08%,(0.65%),(0.46%),(0.32%)
04-May-2023,1.15%,2.05%,1.28%,(0.12%),0.35%,1.09%,0.92%
05-May-2023,(0.26%),(5.91%),0.31%,0.57%,(1.13%),(1.56%),(1.02%)
08-May-2023,1.23%,1.16%,0.62%,1.18%,0.52%,0.98%,1.08%
09-May-2023,0.31%,0.00%,1.00%,(0.37%),0.40%,0.28%,0.01%
10-May-2023,0.69%,0.46%,0.11%,0.18%,(0.59%),0.25%,0.27%
11-May-2023,(0.65%),0.07%,(0.14%),0.34%,(0.57%),(0.21%),(0.10%)
12-May-2023,0.16%,0.88%,(0.24%),0.50%,(0.87%),0.16%,0.10%
15-May-2023,0.20%,0.48%,(0.59%),0.20%,1.06%,0.24%,0.46%
16-May-2023,(1.42%),(0.57%),0.10%,0.06%,0.47%,(0.40%),(0.61%)
17-May-2023,(0.59%),(0.54%),(1.52%),(0.74%),(1.38%),(0.90%),(0.57%)
18-May-2023,(0.22%),0.40%,(0.28%),0.76%,(0.07%),0.09%,(0.28%)
19-May-2023,0.32%,0.12%,0.72%,0.82%,1.84%,0.65%,0.41%
22-May-2023,0.53%,(0.36%),2.35%,(0.41%),1.88%,0.74%,0.61%
23-May-2023,(0.02%),(0.23%),(0.05%),0.32%,0.56%,0.06%,0.18%
24-May-2023,(0.58%),(1.31%),0.19%,(1.34%),(0.11%),(0.65%),(0.34%)
25-May-2023,(0.01%),(0.38%),(0.30%),(0.09%),0.44%,(0.11%),0.20%
26-May-2023,2.73%,0.39%,1.07%,1.15%,1.00%,1.32%,0.97%
29-May-2023,0.56%,1.22%,(0.26%),(0.27%),(0.23%),0.32%,0.54%
30-May-2023,(0.03%),0.08%,(0.12%),0.19%,0.72%,0.12%,0.19%
31-May-2023,(1.99%),(1.58%),(0.81%),(0.08%),(0.42%),(1.13%),(0.53%)
01-Jun-2023,(0.27%),(0.43%),1.05%,(1.37%),0.09%,(0.16%),(0.25%)
02-Jun-2023,(0.33%),0.16%,(0.55%),0.22%,(0.23%),(0.16%),0.25%
05-Jun-2023,0.90%,(0.13%),(0.51%),0.92%,0.42%,0.29%,0.32%
06-Jun-2023,0.08%,(0.31%),(1.72%),(0.49%),(1.95%),(0.77%),0.03%
07-Jun-2023,0.76%,0.52%,1.32%,(0.20%),0.78%,0.67%,0.68%
08-Jun-2023,0.06%,0.06%,(1.17%),(0.24%),(0.48%),(0.31%),(0.49%)
09-Jun-2023,(0.71%),0.12%,(0.84%),0.02%,(1.31%),(0.51%),(0.38%)
12-Jun-2023,0.09%,(0.61%),1.17%,(0.22%),2.05%,0.38%,0.21%
13-Jun-2023,1.48%,0.17%,(0.10%),0.81%,1.00%,0.66%,0.62%
14-Jun-2023,1.23%,(0.11%),0.23%,(0.40%),(0.34%),0.21%,0.21%
15-Jun-2023,0.03%,(1.23%),(0.33%),(1.40%),(1.05%),(0.73%),(0.36%)
16-Jun-2023,0.97%,1.31%,(1.29%),0.82%,0.38%,0.49%,0.74%
19-Jun-2023,(0.99%),0.09%,1.12%,(1.18%),0.18%,(0.15%),(0.37%)
20-Jun-2023,0.21%,0.21%,0.54%,0.26%,0.73%,0.36%,0.33%
21-Jun-2023,0.28%,1.75%,0.94%,(0.09%),(0.31%),0.64%,0.21%
22-Jun-2023,(1.12%),0.49%,(0.60%),0.11%,(1.37%),(0.47%),(0.45%)
23-Jun-2023,(0.82%),(0.01%),(0.68%),(0.24%),(1.29%),(0.57%),(0.56%)
26-Jun-2023,(0.76%),(0.48%),(0.83%),0.43%,0.42%,(0.35%),0.14%
27-Jun-2023,0.04%,1.41%,0.24%,0.93%,0.69%,0.65%,0.68%
28-Jun-2023,1.32%,1.06%,0.57%,0.14%,1.11%,0.90%,0.82%
30-Jun-2023,0.82%,1.51%,2.70%,(0.30%),3.26%,1.56%,1.14%
03-Jul-2023,2.57%,1.08%,(0.91%),0.85%,(0.13%),0.84%,0.70%
04-Jul-2023,(1.03%),0.49%,1.12%,0.23%,0.86%,0.25%,0.34%
05-Jul-2023,(0.16%),(3.18%),0.34%,1.41%,0.16%,(0.53%),0.05%
06-Jul-2023,2.10%,0.10%,0.09%,0.15%,(0.25%),0.55%,0.51%
07-Jul-2023,(0.20%),(0.87%),0.19%,(1.36%),(1.02%),(0.58%),(0.85%)
10-Jul-2023,3.85%,(0.24%),(1.72%),0.21%,(0.08%),0.58%,0.12%
11-Jul-2023,1.08%,(0.49%),0.01%,(0.36%),1.46%,0.32%,0.43%
12-Jul-2023,0.11%,(0.94%),(0.38%),(0.06%),(1.13%),(0.46%),(0.28%)
13-Jul-2023,(0.89%),0.50%,2.47%,1.20%,2.39%,0.93%,0.15%
14-Jul-2023,(0.08%),0.21%,5.21%,0.46%,4.46%,1.81%,0.78%
17-Jul-2023,2.04%,2.09%,(0.65%),0.90%,(0.21%),1.01%,0.75%
18-Jul-2023,0.85%,(0.08%),0.15%,0.70%,3.67%,0.88%,0.19%
19-Jul-2023,0.76%,0.45%,(0.77%),(0.21%),(0.02%),0.12%,0.42%
20-Jul-2023,(0.12%),0.22%,0.07%,2.28%,(1.73%),0.12%,0.74%
21-Jul-2023,(3.10%),(0.77%),(2.74%),0.14%,(8.13%),(2.71%),(1.17%)
24-Jul-2023,(2.02%),0.16%,0.79%,(0.50%),0.38%,(0.33%),(0.37%)
25-Jul-2023,(0.06%),1.08%,0.13%,0.27%,(0.15%),0.30%,0.04%
26-Jul-2023,1.63%,(0.35%),(0.32%),0.18%,1.07%,0.44%,0.50%
27-Jul-2023,(0.93%),(1.04%),0.25%,(0.62%),0.32%,(0.49%),(0.60%)
28-Jul-2023,1.00%,(1.77%),(1.22%),0.60%,(0.93%),(0.49%),(0.07%)
31-Jul-2023,0.85%,0.47%,1.97%,0.21%,1.13%,0.92%,0.55%
01-Aug-2023,(1.41%),0.67%,0.89%,(0.38%),0.70%,0.04%,(0.10%)
02-Aug-2023,(1.07%),(1.31%),(0.33%),(0.76%),(0.61%),(0.87%),(1.05%)
03-Aug-2023,(0.42%),(0.72%),(1.18%),(2.22%),0.55%,(0.77%),(0.74%)
04-Aug-2023,1.36%,1.45%,1.28%,0.57%,1.03%,1.20%,0.70%
07-Aug-2023,0.57%,(0.06%),1.18%,0.53%,1.06%,0.60%,0.41%
08-Aug-2023,(0.60%),(0.08%),(0.39%),0.44%,(0.20%),(0.21%),(0.13%)
09-Aug-2023,0.66%,0.04%,(0.23%),0.08%,0.30%,0.19%,0.32%
10-Aug-2023,0.45%,(0.89%),(0.59%),(0.88%),(0.38%),(0.42%),(0.46%)
11-Aug-2023,0.42%,(1.04%),0.19%,(1.17%),(1.24%),(0.48%),(0.59%)
14-Aug-2023,1.18%,(0.49%),0.03%,0.70%,1.58%,0.52%,0.03%
16-Aug-2023,(0.08%),(0.29%),0.25%,(0.32%),1.79%,0.18%,0.16%
17-Aug-2023,(1.44%),(0.55%),(0.65%),(0.51%),(0.49%),(0.78%),(0.51%)
18-Aug-2023,0.74%,(0.41%),(2.00%),(0.11%),(1.61%),(0.57%),(0.28%)
21-Aug-2023,(1.09%),(0.08%),1.03%,0.48%,1.20%,0.16%,0.43%
22-Aug-2023,(0.02%),(0.43%),(0.57%),(0.34%),(0.12%),(0.30%),0.01%
23-Aug-2023,0.11%,0.25%,0.48%,1.56%,0.30%,0.46%,0.25%
24-Aug-2023,(1.68%),(0.46%),(0.31%),0.22%,1.11%,(0.40%),(0.29%)
25-Aug-2023,(0.46%),(1.13%),(0.19%),0.15%,(0.25%),(0.45%),(0.62%)
28-Aug-2023,(1.00%),1.04%,(0.17%),0.02%,(0.31%),(0.07%),0.21%
29-Aug-2023,(0.96%),0.80%,0.02%,(0.29%),0.14%,(0.06%),0.19%
30-Aug-2023,(0.10%),(0.73%),0.44%,(0.91%),1.23%,(0.07%),0.02%
31-Aug-2023,(0.46%),(0.46%),(1.01%),(0.02%),0.02%,(0.43%),(0.48%)
01-Sep-2023,0.23%,0.21%,0.67%,1.04%,0.59%,0.49%,0.94%
04-Sep-2023,(0.08%),0.63%,1.16%,(0.14%),1.47%,0.57%,0.48%
05-Sep-2023,0.54%,(0.61%),0.32%,0.11%,0.94%,0.20%,0.24%
06-Sep-2023,0.21%,1.31%,0.02%,(1.13%),(0.10%),0.20%,0.18%
07-Sep-2023,0.14%,0.96%,0.74%,0.85%,(0.76%),0.44%,0.59%
08-Sep-2023,0.67%,0.78%,(0.39%),0.51%,0.23%,0.39%,0.47%
11-Sep-2023,1.08%,0.52%,1.13%,0.79%,0.47%,0.81%,0.89%
12-Sep-2023,(1.44%),0.31%,2.88%,1.25%,1.67%,0.73%,(0.02%)
13-Sep-2023,0.50%,0.43%,(0.36%),(0.07%),(0.18%),0.12%,0.38%
14-Sep-2023,0.09%,(0.06%),(0.22%),(0.21%),0.57%,0.02%,0.16%
15-Sep-2023,0.19%,1.15%,1.07%,0.48%,0.31%,0.67%,0.44%
18-Sep-2023,(0.87%),(1.97%),0.22%,(0.23%),(1.31%),(0.90%),(0.29%)
20-Sep-2023,(2.23%),(4.01%),(0.00%),(0.31%),(0.10%),(1.62%),(1.15%)
21-Sep-2023,(0.73%),(0.66%),(0.58%),(2.82%),0.77%,(0.77%),(0.80%)
22-Sep-2023,(0.42%),(1.53%),0.51%,(0.94%),(0.37%),(0.58%),(0.34%)
25-Sep-2023,(0.62%),0.09%,(0.74%),0.64%,(1.47%),(0.40%),0.00%
26-Sep-2023,0.09%,0.43%,0.24%,(0.80%),(0.92%),(0.08%),(0.05%)
27-Sep-2023,1.13%,(0.70%),0.10%,(0.59%),0.43%,0.10%,0.26%
28-Sep-2023,(1.47%),(0.21%),(1.46%),(0.05%),(1.88%),(1.00%),(0.98%)
29-Sep-2023,0.47%,0.17%,(0.23%),0.99%,(0.28%),0.22%,0.59%
03-Oct-2023,(1.14%),(1.20%),(0.42%),(1.22%),(0.10%),(0.87%),(0.56%)
04-Oct-2023,(0.17%),1.43%,0.68%,(1.09%),0.72%,0.39%,(0.47%)
05-Oct-2023,(0.00%),0.41%,1.46%,1.16%,1.32%,0.77%,0.56%
06-Oct-2023,0.17%,(0.11%),0.89%,0.46%,1.04%,0.42%,0.55%
09-Oct-2023,(0.85%),(1.16%),0.47%,(0.70%),(0.22%),(0.55%),(0.72%)
10-Oct-2023,0.44%,0.57%,(0.26%),1.34%,1.34%,0.60%,0.91%
11-Oct-2023,1.59%,0.97%,(0.52%),0.20%,(0.05%),0.56%,0.62%
12-Oct-2023,0.19%,0.67%,(1.87%),0.12%,(1.93%),(0.43%),(0.09%)
13-Oct-2023,(0.00%),(0.91%),0.80%,(0.31%),(2.34%),(0.47%),(0.22%)
16-Oct-2023,(0.22%),(0.40%),(1.31%),0.01%,0.21%,(0.39%),(0.10%)
17-Oct-2023,0.48%,0.76%,(0.48%),0.26%,0.58%,0.34%,0.40%
18-Oct-2023,(1.33%),(1.39%),(0.56%),(1.06%),(0.13%),(0.97%),(0.71%)
19-Oct-2023,(0.77%),(0.32%),(0.65%),(0.85%),(0.48%),(0.60%),(0.24%)
20-Oct-2023,(0.31%),0.52%,1.13%,(0.32%),(0.45%),0.16%,(0.42%)
23-Oct-2023,(1.56%),(1.10%),(2.42%),(0.30%),(1.30%),(1.39%),(1.34%)
25-Oct-2023,(0.23%),(0.63%),(0.59%),(1.49%),(1.48%),(0.78%),(0.83%)
26-Oct-2023,(1.39%),(2.21%),(1.57%),(0.81%),(0.77%),(1.45%),(1.39%)
27-Oct-2023,1.77%,0.39%,0.43%,0.45%,1.54%,0.92%,1.01%
30-Oct-2023,2.06%,1.09%,0.82%,1.33%,(0.24%),1.12%,0.49%
31-Oct-2023,(1.06%),(0.58%),(0.29%),(1.03%),(0.63%),(0.72%),(0.32%)
01-Nov-2023,0.42%,(0.14%),(1.13%),(0.14%),(1.04%),(0.33%),(0.47%)
02-Nov-2023,0.99%,0.15%,0.88%,0.65%,1.18%,0.74%,0.76%
03-Nov-2023,(0.02%),0.47%,(0.27%),1.51%,1.38%,0.49%,0.51%
06-Nov-2023,0.83%,0.72%,0.88%,1.25%,1.03%,0.91%,0.94%
07-Nov-2023,(0.65%),(0.49%),(0.29%),0.28%,0.07%,(0.29%),(0.03%)
08-Nov-2023,0.52%,0.29%,0.33%,(1.30%),(0.95%),(0.07%),0.19%
09-Nov-2023,(1.09%),(0.40%),(1.01%),0.17%,(1.16%),(0.72%),(0.25%)
10-Nov-2023,0.19%,0.39%,(0.42%),0.13%,(0.43%),0.02%,0.15%
13-Nov-2023,(0.01%),(0.18%),(0.06%),(0.44%),0.34%,(0.07%),0.09%
15-Nov-2023,1.81%,1.05%,2.18%,0.71%,2.69%,1.66%,1.19%
16-Nov-2023,0.18%,0.26%,2.75%,(0.54%),2.44%,0.94%,0.46%
17-Nov-2023,(0.22%),(0.22%),0.13%,(1.51%),(0.51%),(0.39%),(0.17%)
20-Nov-2023,(0.26%),0.01%,0.49%,(0.04%),(0.07%),0.02%,(0.19%)
21-Nov-2023,1.26%,0.85%,(0.27%),0.50%,0.17%,0.57%,0.45%
22-Nov-2023,0.39%,(0.36%),0.57%,(0.36%),1.31%,0.26%,0.14%
23-Nov-2023,0.31%,0.58%,(0.62%),0.03%,(0.59%),0.01%,(0.05%)
24-Nov-2023,(0.07%),0.71%,(1.46%),0.69%,(0.82%),(0.15%),(0.04%)
28-Nov-2023,0.02%,(0.23%),0.38%,(0.42%),0.37%,0.02%,0.48%
29-Nov-2023,0.26%,2.00%,1.26%,1.52%,1.17%,1.22%,1.04%
30-Nov-2023,(0.97%),(0.02%),(0.74%),(0.49%),(0.30%),(0.52%),0.18%
01-Dec-2023,0.71%,(0.22%),0.69%,1.26%,(0.20%),0.42%,0.67%
04-Dec-2023,1.08%,3.47%,0.02%,4.70%,0.83%,1.97%,2.07%
05-Dec-2023,0.73%,0.89%,0.55%,2.24%,(0.71%),0.74%,0.81%
06-Dec-2023,0.96%,0.25%,2.05%,(1.01%),1.40%,0.77%,0.40%
07-Dec-2023,(0.16%),0.16%,0.30%,(0.42%),(0.57%),(0.09%),(0.17%)
08-Dec-2023,(0.05%),1.40%,0.33%,1.19%,1.72%,0.84%,0.33%
11-Dec-2023,0.15%,(0.13%),0.45%,0.62%,(0.18%),0.16%,0.13%
12-Dec-2023,(1.44%),(0.99%),0.80%,(0.14%),(0.84%),(0.59%),(0.43%)
13-Dec-2023,0.41%,(0.23%),(2.14%),(0.18%),(1.83%),(0.68%),0.10%
14-Dec-2023,1.24%,1.18%,2.05%,1.95%,3.62%,1.85%,1.23%
15-Dec-2023,1.28%,0.39%,5.28%,0.36%,5.13%,2.30%,1.29%
18-Dec-2023,1.02%,(0.05%),(0.05%),(1.54%),(0.89%),(0.13%),(0.18%)
19-Dec-2023,1.47%,(0.17%),(1.11%),(0.59%),(0.39%),(0.04%),0.16%
20-Dec-2023,(1.21%),0.25%,(0.95%),(0.87%),(1.41%),(0.77%),(1.41%)
21-Dec-2023,1.40%,1.79%,0.20%,(0.22%),(0.03%),0.80%,0.50%
22-Dec-2023,0.10%,(0.94%),0.96%,(1.01%),1.75%,0.09%,0.44%
26-Dec-2023,0.51%,0.69%,(0.74%),0.08%,(1.21%),(0.02%),0.43%
27-Dec-2023,0.34%,1.24%,0.41%,0.72%,1.50%,0.81%,1.00%
28-Dec-2023,0.72%,0.11%,(0.30%),0.36%,(0.28%),0.16%,0.57%
29-Dec-2023,(0.79%),0.23%,(0.17%),(0.92%),(1.26%),(0.50%),(0.22%)
01-Jan-2024,0.21%,(0.65%),0.47%,0.28%,0.55%,0.11%,0.05%
02-Jan-2024,0.83%,0.06%,(0.73%),(1.72%),(1.09%),(0.35%),(0.35%)
03-Jan-2024,(1.09%),(1.54%),(2.42%),0.18%,(2.89%),(1.55%),(0.69%)
04-Jan-2024,0.52%,1.07%,(0.68%),0.32%,1.52%,0.54%,0.66%
05-Jan-2024,0.43%,(0.51%),1.94%,0.66%,1.31%,0.66%,0.24%
08-Jan-2024,(0.78%),(1.11%),(1.59%),(1.18%),(0.64%),(1.06%),(0.91%)
09-Jan-2024,(0.26%),(0.78%),0.32%,(0.23%),0.43%,(0.17%),0.15%
10-Jan-2024,2.70%,0.33%,0.63%,1.36%,(0.61%),0.99%,0.34%
11-Jan-2024,2.63%,(0.42%),0.61%,(0.19%),(1.69%),0.39%,0.13%
12-Jan-2024,0.80%,(0.47%),3.94%,1.25%,7.93%,2.25%,1.14%
15-Jan-2024,1.71%,1.93%,0.54%,0.63%,2.44%,1.48%,0.93%
16-Jan-2024,(1.40%),0.38%,(1.09%),(0.08%),(1.24%),(0.67%),(0.29%)
17-Jan-2024,(0.95%),(8.44%),0.60%,(2.71%),0.53%,(2.55%),(2.09%)
18-Jan-2024,0.47%,(3.34%),0.46%,0.47%,0.15%,(0.53%),(0.51%)
19-Jan-2024,(0.04%),(1.04%),1.74%,1.30%,1.01%,0.43%,0.75%
23-Jan-2024,(2.84%),(2.94%),(2.15%),2.99%,(1.03%),(1.58%),(1.77%)
24-Jan-2024,1.15%,2.00%,(0.43%),(2.90%),2.02%,0.57%,1.01%
25-Jan-2024,0.68%,(1.44%),(0.82%),1.08%,(0.38%),(0.25%),(0.47%)
29-Jan-2024,7.02%,1.38%,(0.24%),0.64%,(0.75%),2.03%,1.80%
30-Jan-2024,(2.79%),(0.71%),(0.01%),0.05%,(0.31%),(0.92%),(0.99%)
31-Jan-2024,1.35%,1.26%,0.41%,1.11%,0.57%,0.99%,0.95%
01-Feb-2024,0.00%,0.26%,1.00%,(0.29%),(0.23%),0.19%,(0.13%)
02-Feb-2024,2.18%,(1.38%),2.91%,(0.11%),2.19%,1.09%,0.72%
05-Feb-2024,(1.28%),(0.09%),0.18%,(0.05%),(0.36%),(0.37%),(0.38%)
06-Feb-2024,(0.78%),(0.05%),4.09%,0.28%,2.50%,1.03%,0.72%
07-Feb-2024,1.01%,(0.98%),(1.27%),(0.41%),(2.06%),(0.62%),0.01%
08-Feb-2024,0.55%,(1.88%),1.24%,(3.21%),(0.10%),(0.58%),(0.97%)
09-Feb-2024,0.73%,0.04%,(0.01%),2.16%,(1.34%),0.31%,0.30%
12-Feb-2024,(0.58%),(0.97%),(0.31%),(1.44%),0.64%,(0.57%),(0.76%)
13-Feb-2024,0.88%,0.32%,0.70%,2.38%,0.26%,0.84%,0.59%
14-Feb-2024,1.11%,(0.75%),(1.19%),0.28%,(1.09%),(0.27%),0.45%
15-Feb-2024,(0.73%),2.17%,0.08%,(0.59%),0.61%,0.38%,0.32%
16-Feb-2024,(0.68%),0.41%,0.61%,0.65%,1.51%,0.38%,0.59%
19-Feb-2024,0.92%,(0.20%),(0.59%),2.00%,(0.11%),0.35%,0.37%
20-Feb-2024,(0.20%),2.63%,(1.78%),0.48%,(0.85%),0.19%,0.34%
21-Feb-2024,(0.23%),(1.04%),(0.97%),0.31%,(1.76%),(0.73%),(0.64%)
22-Feb-2024,0.96%,(1.36%),2.40%,1.02%,1.56%,0.76%,0.74%
23-Feb-2024,0.80%,0.07%,(0.86%),(0.13%),(0.27%),(0.01%),(0.02%)
26-Feb-2024,(0.42%),0.12%,(1.26%),(0.67%),(1.00%),(0.58%),(0.41%)
27-Feb-2024,(0.11%),(0.15%),2.58%,0.57%,0.21%,0.57%,0.34%
28-Feb-2024,(2.02%),(0.76%),0.35%,(1.32%),0.46%,(0.75%),(1.11%)
29-Feb-2024,0.36%,(0.43%),(0.58%),0.57%,0.16%,(0.02%),0.14%
01-Mar-2024,2.14%,1.95%,(0.02%),3.30%,(1.15%),1.34%,1.62%
04-Mar-2024,1.02%,0.14%,(0.33%),0.50%,(1.06%),0.14%,0.30%
05-Mar-2024,(0.48%),0.57%,(1.68%),(0.39%),(1.88%),(0.65%),(0.22%)
06-Mar-2024,0.19%,0.12%,1.30%,0.83%,0.69%,0.57%,0.53%
07-Mar-2024,(1.60%),0.24%,1.09%,(0.83%),(0.07%),(0.26%),0.09%
11-Mar-2024,(0.83%),(1.27%),0.33%,(0.85%),(0.98%),(0.73%),(0.72%)
12-Mar-2024,0.60%,2.22%,1.70%,(0.17%),0.77%,1.14%,0.01%
13-Mar-2024,(2.93%),0.06%,(1.03%),0.66%,(0.10%),(0.84%),(1.51%)
14-Mar-2024,(0.05%),(0.34%),1.41%,(0.03%),2.60%,0.57%,0.68%
15-Mar-2024,(0.93%),(0.19%),0.28%,(0.30%),(1.17%),(0.44%),(0.56%)
18-Mar-2024,1.50%,(0.45%),(1.58%),0.08%,(1.92%),(0.33%),0.15%
19-Mar-2024,(0.99%),0.23%,(4.22%),0.25%,(2.57%),(1.38%),(1.08%)
20-Mar-2024,1.30%,(1.26%),(0.16%),0.05%,(0.42%),(0.08%),0.10%
21-Mar-2024,0.50%,1.03%,0.05%,(0.25%),(0.02%),0.35%,0.79%
22-Mar-2024,0.28%,(0.20%),(1.56%),0.79%,(2.95%),(0.62%),0.39%
26-Mar-2024,(0.92%),(1.21%),(0.85%),(0.61%),(1.07%),(0.96%),(0.42%)
27-Mar-2024,3.56%,1.07%,(0.94%),0.00%,(0.59%),0.88%,0.54%
28-Mar-2024,(0.47%),0.50%,0.92%,0.88%,0.96%,0.47%,0.92%
01-Apr-2024,(0.07%),1.56%,1.04%,0.58%,(0.17%),0.64%,0.61%
02-Apr-2024,0.15%,0.66%,(0.84%),(1.68%),(0.84%),(0.35%),(0.04%)
03-Apr-2024,(1.03%),0.15%,1.64%,(0.37%),(0.15%),0.03%,(0.08%)
04-Apr-2024,(0.59%),3.06%,1.42%,0.15%,0.41%,0.98%,0.36%
05-Apr-2024,(0.19%),1.44%,(0.60%),0.42%,(0.51%),0.18%,(0.00%)
08-Apr-2024,1.77%,(0.19%),(0.17%),0.35%,(0.16%),0.39%,0.68%
09-Apr-2024,(1.50%),0.13%,(0.65%),1.83%,1.23%,(0.02%),(0.10%)
10-Apr-2024,1.09%,(0.79%),0.97%,0.21%,0.80%,0.42%,0.49%
12-Apr-2024,(0.84%),(1.13%),0.42%,(0.45%),(1.46%),(0.70%),(1.03%)
15-Apr-2024,(0.16%),(1.60%),(1.50%),(2.36%),(1.12%),(1.26%),(1.10%)
16-Apr-2024,0.06%,0.97%,(1.74%),(1.05%),(3.66%),(0.79%),(0.56%)
18-Apr-2024,(0.10%),(0.96%),(0.28%),(1.09%),0.34%,(0.43%),(0.69%)
19-Apr-2024,0.40%,2.45%,(0.93%),1.12%,(0.56%),0.61%,0.69%
22-Apr-2024,0.66%,(1.25%),1.00%,1.82%,1.52%,0.56%,0.86%
23-Apr-2024,(1.39%),(0.30%),0.26%,0.33%,0.67%,(0.22%),0.14%
24-Apr-2024,(0.63%),0.27%,(1.13%),0.60%,(0.81%),(0.35%),0.15%
25-Apr-2024,0.68%,(0.06%),0.55%,1.55%,0.54%,0.58%,0.75%
26-Apr-2024,(0.51%),(0.06%),(0.80%),(0.53%),(0.57%),(0.47%),(0.67%)
29-Apr-2024,0.86%,1.30%,1.28%,4.72%,0.31%,1.55%,1.00%
30-Apr-2024,0.13%,(0.61%),(1.28%),(0.84%),(0.99%),(0.65%),(0.17%)
02-May-2024,(0.03%),0.80%,1.12%,(0.95%),(0.43%),0.21%,0.19%
03-May-2024,(2.22%),(0.83%),(0.52%),0.23%,0.13%,(0.81%),(0.76%)
06-May-2024,(1.01%),0.20%,2.02%,0.37%,0.68%,0.36%,(0.15%)
07-May-2024,(1.27%),(1.08%),1.48%,(1.26%),1.06%,(0.32%),(0.62%)
08-May-2024,1.22%,(1.56%),(0.05%),(0.79%),(0.95%),(0.36%),-
09-May-2024,(1.72%),(2.37%),(0.42%),(0.65%),0.86%,(1.08%),(1.55%)
10-May-2024,0.95%,0.69%,(1.67%),0.12%,(1.02%),(0.06%),0.44%
13-May-2024,(0.34%),1.21%,1.38%,0.98%,(0.10%),0.63%,0.22%
14-May-2024,1.24%,0.39%,(1.18%),(0.66%),0.09%,0.09%,0.51%
15-May-2024,(0.27%),(1.54%),(0.53%),0.34%,(0.33%),(0.56%),(0.08%)
16-May-2024,0.64%,1.51%,1.26%,0.60%,2.35%,1.23%,0.92%
17-May-2024,0.73%,0.26%,(1.71%),(0.05%),(0.62%),(0.20%),0.28%
21-May-2024,0.03%,(0.36%),(0.36%),(0.84%),(0.70%),(0.39%),0.28%
22-May-2024,1.71%,0.03%,0.31%,(0.88%),1.44%,0.58%,0.31%
23-May-2024,1.74%,2.29%,1.60%,2.11%,1.21%,1.83%,1.64%
24-May-2024,(0.39%),1.65%,(1.13%),(0.22%),(0.50%),(0.02%),(0.05%)
27-May-2024,(0.95%),0.69%,(0.06%),(0.19%),0.43%,(0.04%),(0.11%)
28-May-2024,(0.69%),0.18%,(0.19%),(0.25%),(0.29%),(0.24%),(0.19%)
29-May-2024,(1.06%),(1.45%),(0.94%),(2.21%),(1.10%),(1.31%),(0.80%)
30-May-2024,(1.11%),0.43%,(1.78%),1.06%,(1.62%),(0.61%),(0.95%)
31-May-2024,0.39%,1.10%,(1.74%),0.66%,0.53%,0.20%,0.19%
03-Jun-2024,5.59%,2.65%,0.87%,3.47%,(0.07%),2.74%,3.25%
04-Jun-2024,(7.49%),(5.66%),0.33%,(7.63%),(0.87%),(4.50%),(5.93%)
05-Jun-2024,1.68%,4.63%,0.85%,3.47%,2.62%,2.66%,3.36%
06-Jun-2024,0.76%,0.51%,2.24%,0.16%,2.95%,1.23%,0.89%
07-Jun-2024,2.68%,0.88%,1.66%,1.02%,4.17%,2.00%,2.05%
10-Jun-2024,0.10%,(0.77%),(0.91%),0.19%,(2.21%),(0.65%),(0.13%)
11-Jun-2024,(1.00%),0.22%,(0.17%),(0.50%),(0.27%),(0.34%),0.02%
12-Jun-2024,0.46%,0.60%,(0.53%),0.12%,(0.71%),0.07%,0.25%
13-Jun-2024,0.13%,0.42%,1.21%,(1.09%),0.59%,0.31%,0.33%
14-Jun-2024,0.84%,1.02%,(1.19%),(0.15%),(0.34%),0.15%,0.29%
18-Jun-2024,0.24%,0.68%,(0.44%),1.56%,0.62%,0.47%,0.39%
19-Jun-2024,(1.51%),3.11%,(0.35%),1.92%,0.88%,0.75%,(0.18%)
20-Jun-2024,1.03%,0.69%,(0.38%),1.08%,0.27%,0.56%,0.22%
21-Jun-2024,(1.32%),(0.22%),0.62%,0.16%,1.14%,(0.07%),(0.28%)
24-Jun-2024,(0.88%),0.40%,0.16%,0.99%,(0.36%),0.01%,0.16%
25-Jun-2024,0.88%,2.33%,0.57%,2.38%,0.97%,1.42%,0.78%
26-Jun-2024,4.12%,(0.58%),0.45%,1.67%,(0.08%),1.22%,0.62%
27-Jun-2024,1.09%,(0.31%),2.03%,0.16%,2.12%,0.94%,0.74%
28-Jun-2024,2.28%,(0.73%),(0.76%),(1.66%),(0.42%),(0.08%),(0.14%)
01-Jul-2024,(0.34%),1.27%,1.90%,1.02%,1.54%,1.00%,0.55%
02-Jul-2024,0.32%,1.49%,0.99%,(1.75%),1.90%,0.67%,(0.07%)
03-Jul-2024,(0.81%),2.20%,(1.30%),0.92%,0.39%,0.28%,0.67%
04-Jul-2024,0.10%,(2.35%),1.40%,2.61%,1.43%,0.33%,0.06%
05-Jul-2024,2.23%,(4.58%),(0.23%),0.03%,(0.19%),(0.66%),0.09%
08-Jul-2024,0.77%,(0.77%),(0.46%),0.13%,0.86%,0.06%,(0.01%)
09-Jul-2024,(0.66%),0.07%,(0.19%),1.07%,(0.27%),(0.07%),0.46%
10-Jul-2024,(0.38%),(0.64%),(1.92%),(0.40%),(0.54%),(0.78%),(0.45%)
11-Jul-2024,(0.23%),(0.26%),0.37%,(0.38%),0.27%,(0.06%),(0.03%)
12-Jul-2024,1.02%,0.05%,6.63%,(0.45%),3.57%,2.06%,0.77%
15-Jul-2024,0.03%,(0.04%),(0.35%),(0.24%),(0.27%),(0.15%),0.35%
16-Jul-2024,(1.31%),(0.14%),0.22%,0.81%,1.11%,(0.03%),0.11%
18-Jul-2024,0.66%,(0.31%),3.28%,0.84%,1.85%,1.15%,0.76%
19-Jul-2024,(1.99%),(0.46%),(0.07%),(0.13%),1.99%,(0.35%),(1.09%)
22-Jul-2024,(3.50%),2.19%,(0.35%),(0.60%),1.00%,(0.34%),(0.09%)
23-Jul-2024,(0.85%),(1.47%),0.35%,(1.16%),1.44%,(0.47%),(0.12%)
24-Jul-2024,0.52%,(0.89%),0.09%,(0.31%),(0.16%),(0.14%),(0.27%)
25-Jul-2024,(0.22%),0.78%,0.38%,(2.05%),(0.50%),(0.17%),(0.03%)
26-Jul-2024,1.11%,0.10%,1.51%,0.78%,2.96%,1.17%,1.76%
29-Jul-2024,0.73%,(0.81%),(0.15%),0.46%,(0.42%),(0.04%),0.01%
30-Jul-2024,(0.46%),0.65%,(0.36%),(0.27%),0.32%,(0.01%),0.09%
31-Jul-2024,(0.51%),0.01%,0.46%,0.45%,(0.47%),(0.04%),0.38%
01-Aug-2024,0.66%,1.43%,0.27%,(0.40%),(0.84%),0.39%,0.24%
02-Aug-2024,(1.05%),1.24%,(2.59%),(1.12%),(1.69%),(0.89%),(1.17%)
05-Aug-2024,(3.47%),(2.62%),(2.99%),(2.00%),(3.81%),(2.99%),(2.68%)
06-Aug-2024,0.60%,(0.90%),0.39%,(0.49%),(0.05%),(0.08%),(0.26%)
07-Aug-2024,0.60%,1.39%,0.70%,0.48%,2.32%,1.06%,1.27%
08-Aug-2024,(1.07%),1.18%,(0.66%),(0.67%),(2.71%),(0.61%),(0.74%)
09-Aug-2024,1.74%,0.46%,1.35%,0.60%,1.58%,1.15%,1.04%
12-Aug-2024,(0.93%),0.60%,(0.78%),0.96%,1.51%,0.13%,(0.08%)
13-Aug-2024,0.21%,(3.43%),0.03%,(0.38%),0.00%,(0.86%),(0.85%)
14-Aug-2024,(0.12%),0.29%,2.34%,(0.57%),1.44%,0.64%,0.02%
16-Aug-2024,1.12%,1.51%,2.81%,2.20%,1.96%,1.84%,1.65%
19-Aug-2024,1.03%,(0.03%),1.67%,(0.96%),0.31%,0.49%,0.13%
20-Aug-2024,0.51%,0.38%,0.74%,0.30%,0.40%,0.47%,0.51%
21-Aug-2024,0.18%,(0.73%),0.62%,(0.39%),0.03%,(0.07%),0.29%
22-Aug-2024,(0.04%),0.34%,(1.09%),1.38%,0.40%,0.13%,0.17%
23-Aug-2024,0.12%,(0.38%),(0.85%),1.04%,(0.97%),(0.22%),0.05%
26-Aug-2024,0.84%,0.92%,0.86%,0.81%,0.75%,0.85%,0.76%
27-Aug-2024,(0.80%),(0.13%),(0.12%),1.08%,1.28%,0.09%,0.03%
28-Aug-2024,(0.14%),(0.04%),0.20%,(0.20%),2.05%,0.27%,0.14%
29-Aug-2024,1.51%,0.09%,0.13%,(0.16%),(0.30%),0.36%,0.40%
30-Aug-2024,(0.74%),(0.10%),0.93%,0.60%,0.54%,0.14%,0.33%
02-Sep-2024,0.44%,(0.61%),(0.72%),0.06%,1.07%,(0.02%),0.17%
03-Sep-2024,(0.47%),0.64%,(0.19%),1.44%,(1.18%),0.04%,0.00%
04-Sep-2024,0.36%,0.27%,(0.73%),(0.91%),(0.97%),(0.27%),(0.32%)
05-Sep-2024,(1.42%),0.22%,(0.07%),(0.03%),0.56%,(0.24%),(0.21%)
06-Sep-2024,(1.89%),(0.52%),(0.43%),(2.25%),(1.62%),(1.27%),(1.17%)
09-Sep-2024,(0.16%),0.58%,(0.16%),2.22%,(0.38%),0.35%,0.34%
10-Sep-2024,(0.06%),0.23%,1.31%,0.19%,0.93%,0.47%,0.42%
11-Sep-2024,(0.69%),(0.39%),(0.63%),(0.08%),(0.11%),(0.42%),(0.49%)
12-Sep-2024,1.95%,1.38%,0.86%,1.28%,2.11%,1.51%,1.89%
13-Sep-2024,(0.48%),(0.04%),0.11%,(0.14%),(0.33%),(0.18%),(0.13%)
16-Sep-2024,(0.09%),0.30%,(0.21%),1.00%,0.32%,0.21%,0.11%
17-Sep-2024,0.06%,(0.13%),(0.17%),0.42%,0.12%,0.03%,0.14%
18-Sep-2024,(0.60%),1.56%,(3.54%),1.60%,(3.09%),(0.69%),(0.16%)
19-Sep-2024,0.43%,0.81%,(1.15%),0.28%,0.11%,0.14%,0.15%
20-Sep-2024,1.11%,1.91%,(0.26%),3.60%,0.61%,1.33%,1.48%
23-Sep-2024,0.50%,1.07%,(0.38%),(1.24%),(0.49%),0.06%,0.57%
24-Sep-2024,(0.27%),0.47%,0.07%,(0.25%),0.11%,0.04%,0.01%
25-Sep-2024,0.31%,0.62%,0.08%,0.40%,(0.17%),0.28%,0.25%
26-Sep-2024,0.27%,0.24%,0.42%,0.39%,0.26%,0.31%,0.81%
27-Sep-2024,1.88%,(1.73%),0.38%,(1.69%),0.34%,(0.09%),(0.14%)
30-Sep-2024,(3.25%),(1.18%),(0.93%),(2.57%),(1.63%),(1.92%),(1.41%)
01-Oct-2024,(0.80%),(0.34%),0.45%,0.11%,1.53%,0.05%,(0.05%)
03-Oct-2024,(3.95%),(2.56%),(1.29%),(1.42%),(0.57%),(2.18%),(2.12%)
04-Oct-2024,(1.45%),(1.45%),0.46%,(1.32%),1.31%,(0.64%),(0.93%)
07-Oct-2024,(1.14%),(2.40%),0.48%,(0.47%),0.84%,(0.73%),(0.87%)
08-Oct-2024,1.94%,2.06%,(0.46%),0.22%,0.74%,1.05%,0.88%
09-Oct-2024,(1.63%),(1.08%),(0.01%),0.61%,0.22%,(0.56%),(0.12%)
10-Oct-2024,(0.26%),1.79%,(0.60%),(0.05%),(1.73%),(0.00%),0.07%
11-Oct-2024,0.08%,(0.69%),(1.85%),(1.65%),0.84%,(0.64%),(0.14%)
14-Oct-2024,0.03%,2.25%,(0.30%),0.72%,1.23%,0.80%,0.66%
15-Oct-2024,(2.08%),(0.24%),(0.48%),1.93%,0.02%,(0.38%),(0.28%)
16-Oct-2024,0.75%,0.93%,(0.53%),(0.98%),(2.00%),(0.13%),(0.34%)
17-Oct-2024,0.17%,(1.57%),0.34%,(0.96%),2.50%,(0.05%),(0.89%)
18-Oct-2024,0.21%,0.52%,0.59%,2.70%,(4.50%),0.03%,0.42%
21-Oct-2024,0.73%,2.79%,(1.05%),(0.43%),(1.43%),0.39%,(0.29%)
22-Oct-2024,(1.89%),(0.82%),(1.58%),0.67%,(0.06%),(0.90%),(1.25%)
23-Oct-2024,(0.36%),1.24%,1.26%,(1.25%),1.18%,0.46%,(0.15%)
24-Oct-2024,0.10%,0.80%,(0.45%),0.09%,(0.54%),0.07%,(0.15%)
25-Oct-2024,(0.89%),(0.36%),0.24%,0.22%,(0.07%),(0.24%),(0.90%)
28-Oct-2024,0.49%,(0.53%),0.82%,2.98%,0.18%,0.63%,0.65%
29-Oct-2024,0.42%,1.02%,(0.38%),3.02%,(0.27%),0.70%,0.52%
30-Oct-2024,0.29%,(0.98%),0.23%,(1.48%),(2.02%),(0.65%),(0.51%)
31-Oct-2024,(0.88%),0.06%,(2.84%),(1.52%),(2.49%),(1.37%),(0.56%)
01-Nov-2024,0.50%,0.09%,0.40%,(0.03%),0.20%,0.25%,0.41%
04-Nov-2024,(2.73%),(1.34%),(0.50%),(1.13%),0.16%,(1.26%),(1.27%)
05-Nov-2024,0.24%,2.55%,0.18%,1.53%,(0.54%),0.88%,0.91%
06-Nov-2024,1.54%,(0.15%),4.24%,0.44%,3.96%,1.85%,1.12%
07-Nov-2024,(1.49%),(0.50%),0.27%,(1.82%),(1.13%),(0.88%),(1.16%)
08-Nov-2024,(1.68%),0.45%,(0.09%),(1.55%),1.49%,(0.33%),(0.21%)
11-Nov-2024,(0.86%),0.68%,1.25%,0.83%,1.65%,0.57%,(0.03%)
12-Nov-2024,0.12%,(2.72%),(0.03%),0.10%,0.47%,(0.57%),(1.07%)
13-Nov-2024,(1.74%),(2.14%),(1.12%),(1.33%),(0.02%),(1.40%),(1.36%)
14-Nov-2024,1.24%,0.68%,(0.11%),0.26%,(0.21%),0.47%,(0.11%)
18-Nov-2024,(0.54%),0.73%,(3.05%),(0.28%),(2.85%),(1.03%),(0.34%)
19-Nov-2024,(1.51%),2.18%,0.50%,(0.35%),0.73%,0.32%,0.28%
21-Nov-2024,(1.50%),(0.06%),0.82%,0.12%,0.51%,(0.13%),(0.72%)
22-Nov-2024,3.47%,0.25%,4.22%,2.20%,3.72%,2.66%,2.39%
25-Nov-2024,1.71%,2.29%,1.66%,1.79%,(0.66%),1.50%,1.32%
26-Nov-2024,0.68%,(0.00%),0.87%,0.31%,1.82%,0.66%,(0.11%)
27-Nov-2024,(0.19%),1.50%,(0.46%),(0.33%),0.02%,0.19%,0.33%
28-Nov-2024,(1.73%),(1.06%),(2.02%),(1.10%),(3.53%),(1.80%),(1.49%)
29-Nov-2024,1.68%,0.16%,0.61%,1.07%,0.06%,0.75%,0.91%
02-Dec-2024,1.31%,0.48%,0.14%,0.35%,1.18%,0.71%,0.60%
03-Dec-2024,1.08%,1.20%,0.61%,0.29%,0.65%,0.83%,0.75%
04-Dec-2024,(1.08%),1.85%,1.20%,0.58%,(0.15%),0.50%,0.04%
05-Dec-2024,1.00%,0.30%,2.52%,1.55%,2.41%,1.42%,0.98%
06-Dec-2024,(0.79%),(0.53%),(0.42%),(0.58%),(0.64%),(0.60%),(0.12%)
09-Dec-2024,(1.25%),0.76%,0.15%,(0.49%),0.07%,(0.16%),(0.24%)
10-Dec-2024,(0.80%),(0.10%),(0.44%),0.62%,1.29%,(0.03%),(0.04%)
11-Dec-2024,(0.52%),(0.27%),(0.12%),(0.22%),1.31%,(0.06%),0.13%
12-Dec-2024,(1.20%),(0.21%),0.62%,0.13%,0.65%,(0.11%),(0.38%)
13-Dec-2024,0.79%,0.67%,0.43%,1.18%,0.64%,0.72%,0.89%
16-Dec-2024,(0.36%),(0.35%),(1.31%),0.09%,(0.98%),(0.57%),(0.40%)
17-Dec-2024,(1.81%),(1.71%),(1.96%),(0.92%),(0.17%),(1.44%),(1.35%)
18-Dec-2024,0.64%,(1.23%),0.45%,(1.47%),0.13%,(0.26%),(0.56%)
19-Dec-2024,(1.82%),(0.95%),(1.75%),(2.07%),(1.66%),(1.60%),(1.02%)
20-Dec-2024,(2.04%),(1.23%),(2.38%),0.12%,(1.24%),(1.46%),(1.52%)
23-Dec-2024,1.41%,1.67%,(0.29%),0.65%,0.11%,0.83%,0.70%
24-Dec-2024,0.04%,(0.16%),0.51%,0.03%,(0.79%),(0.04%),(0.11%)
26-Dec-2024,(0.51%),(0.41%),(0.25%),0.01%,(0.09%),(0.29%),0.10%
27-Dec-2024,0.37%,0.42%,(0.10%),0.79%,0.49%,0.37%,0.27%
30-Dec-2024,(0.85%),(1.13%),(0.15%),(0.99%),(0.56%),(0.76%),(0.71%)
31-Dec-2024,0.39%,(0.28%),(1.54%),(1.00%),(1.36%),(0.64%),(0.00%)
01-Jan-2025,0.48%,0.56%,0.43%,0.16%,0.13%,0.39%,0.41%
02-Jan-2025,1.68%,0.62%,1.54%,0.54%,4.00%,1.56%,1.88%
03-Jan-2025,0.75%,(2.48%),(1.82%),(1.98%),(0.98%),(1.24%),(0.76%)
06-Jan-2025,(2.65%),(2.21%),(0.12%),(0.08%),(0.05%),(1.26%),(1.62%)
07-Jan-2025,1.88%,0.17%,(1.63%),1.20%,(0.36%),0.31%,0.39%
08-Jan-2025,1.99%,(1.11%),1.99%,(1.21%),0.12%,0.45%,(0.08%)
09-Jan-2025,(0.85%),(1.56%),(1.69%),(0.11%),(0.82%),(1.08%),(0.69%)
10-Jan-2025,(1.02%),(0.66%),5.62%,(0.99%),2.59%,0.94%,(0.40%)
13-Jan-2025,(0.17%),(1.56%),0.60%,(1.61%),(0.24%),(0.59%),(1.47%)
14-Jan-2025,(0.09%),0.97%,(1.35%),0.86%,(1.13%),(0.09%),0.39%
15-Jan-2025,1.09%,(0.22%),0.39%,(0.17%),0.49%,0.35%,0.16%
16-Jan-2025,1.14%,0.55%,(1.02%),0.88%,(1.09%),0.19%,0.42%
17-Jan-2025,2.83%,(0.93%),(0.15%),(1.89%),(5.86%),(0.71%),(0.47%)
20-Jan-2025,0.24%,0.89%,(1.13%),0.61%,(0.12%),0.13%,0.61%
21-Jan-2025,(2.43%),(0.54%),(1.03%),(2.98%),(0.69%),(1.50%),(1.37%)
22-Jan-2025,0.27%,1.44%,2.99%,0.36%,3.10%,1.54%,0.57%
23-Jan-2025,(1.05%),(0.07%),(0.27%),0.11%,0.48%,(0.25%),0.22%
24-Jan-2025,(1.37%),(0.91%),0.17%,0.62%,0.54%,(0.36%),(0.49%)
27-Jan-2025,(1.36%),(1.21%),(2.10%),1.55%,(2.85%),(1.26%),(1.14%)
28-Jan-2025,0.41%,2.49%,(0.61%),1.54%,0.43%,0.90%,0.56%
29-Jan-2025,0.09%,0.41%,1.47%,0.38%,2.81%,0.90%,0.90%
30-Jan-2025,1.42%,0.85%,0.01%,0.32%,(1.13%),0.45%,0.37%
31-Jan-2025,0.96%,0.43%,0.30%,(0.22%),1.07%,0.53%,1.11%
01-Feb-2025,(0.04%),(0.46%),(0.95%),0.22%,(1.51%),(0.51%),(0.11%)
03-Feb-2025,(1.48%),(0.77%),(0.11%),(0.20%),0.65%,(0.52%),(0.52%)
04-Feb-2025,3.15%,2.56%,0.94%,1.21%,1.91%,2.08%,1.62%
05-Feb-2025,(0.54%),0.98%,(0.39%),(0.04%),(0.09%),0.01%,(0.18%)
06-Feb-2025,0.26%,0.35%,(0.20%),0.37%,0.98%,0.31%,(0.39%)
07-Feb-2025,(1.16%),(0.64%),(1.31%),(1.22%),(0.63%),(0.99%),(0.18%)
10-Feb-2025,(1.03%),(0.98%),0.19%,0.45%,(1.23%),(0.58%),(0.76%)
11-Feb-2025,(1.50%),(0.84%),(1.82%),(0.78%),(0.25%),(1.10%),(1.32%)
12-Feb-2025,(1.48%),0.32%,(0.34%),(0.08%),(0.67%),(0.47%),(0.12%)
13-Feb-2025,(0.04%),(0.53%),(1.01%),(0.23%),(1.07%),(0.54%),(0.06%)
14-Feb-2025,0.09%,(0.17%),0.63%,0.90%,0.71%,0.35%,(0.44%)
17-Feb-2025,0.63%,1.33%,(0.77%),(0.71%),(0.76%),0.11%,0.13%
18-Feb-2025,0.04%,0.33%,(0.80%),(0.65%),0.52%,(0.09%),(0.06%)
19-Feb-2025,0.17%,0.24%,(2.30%),1.50%,(2.22%),(0.47%),(0.05%)
20-Feb-2025,0.45%,(2.32%),(0.12%),(0.93%),0.79%,(0.51%),(0.09%)
21-Feb-2025,(0.39%),0.32%,0.17%,(1.36%),(0.56%),(0.27%),(0.51%)
24-Feb-2025,(1.11%),(0.91%),(2.92%),(1.18%),(2.80%),(1.69%),(1.06%)
25-Feb-2025,(0.87%),0.31%,(1.25%),0.48%,0.20%,(0.29%),(0.03%)
27-Feb-2025,0.26%,1.09%,(0.47%),(0.14%),(0.19%),0.19%,(0.01%)
28-Feb-2025,(0.58%),1.86%,(3.58%),(1.50%),(4.34%),(1.27%),(1.86%)
03-Mar-2025,(2.40%),(1.78%),0.28%,0.17%,1.24%,(0.78%),(0.02%)
04-Mar-2025,(0.80%),0.50%,1.12%,0.35%,(1.19%),0.02%,(0.17%)
05-Mar-2025,1.18%,(1.17%),0.42%,0.44%,1.37%,0.36%,1.15%
06-Mar-2025,2.89%,0.07%,1.54%,0.19%,0.25%,1.12%,0.93%
07-Mar-2025,3.32%,(0.12%),0.27%,(0.29%),(1.74%),0.55%,0.03%
10-Mar-2025,(0.91%),(0.10%),(0.60%),0.02%,0.92%,(0.23%),(0.41%)
11-Mar-2025,0.72%,(0.12%),(0.40%),2.51%,(2.34%),0.10%,0.17%
12-Mar-2025,0.78%,1.52%,(1.93%),(0.12%),(4.26%),(0.47%),(0.12%)
13-Mar-2025,(0.73%),(0.27%),0.14%,0.49%,(0.69%),(0.25%),(0.33%)
17-Mar-2025,(0.73%),0.22%,(0.38%),1.52%,0.65%,0.12%,0.50%
18-Mar-2025,-,-,-,-,-,-,1.45%
19-Mar-2025,0.67%,1.97%,(0.02%),3.48%,(0.22%),1.14%,0.32%
20-Mar-2025,1.76%,1.41%,1.89%,0.65%,1.83%,1.54%,1.24%
21-Mar-2025,0.57%,0.09%,0.42%,1.62%,(1.42%),0.28%,0.69%
24-Mar-2025,2.02%,1.67%,1.42%,1.12%,0.01%,1.38%,1.32%
25-Mar-2025,(1.28%),1.19%,0.79%,(1.06%),2.24%,0.31%,0.04%
26-Mar-2025,(0.96%),(0.82%),(0.60%),(0.58%),(1.78%),(0.92%),(0.77%)
27-Mar-2025,0.40%,1.04%,0.42%,0.06%,0.26%,0.49%,0.45%
28-Mar-2025,(0.24%),0.16%,(1.23%),0.88%,(2.05%),(0.44%),(0.31%)
01-Apr-2025,(1.76%),(3.30%),(1.53%),(2.22%),(2.81%),(2.33%),(1.50%)
02-Apr-2025,(0.12%),1.64%,(0.19%),0.97%,1.55%,0.72%,0.72%
03-Apr-2025,(0.20%),(0.11%),(3.97%),(0.13%),(3.46%),(1.41%),(0.35%)
04-Apr-2025,(3.52%),1.25%,(3.05%),0.43%,(3.00%),(1.56%),(1.49%)
07-Apr-2025,(3.24%),(3.28%),(0.77%),(3.58%),(3.78%),(2.89%),(3.24%)
08-Apr-2025,1.42%,0.65%,0.58%,0.96%,2.29%,1.12%,1.69%
09-Apr-2025,0.27%,(0.23%),(1.41%),0.07%,(1.76%),(0.53%),(0.61%)
11-Apr-2025,2.83%,2.37%,(0.47%),0.83%,0.41%,1.39%,1.92%
15-Apr-2025,1.74%,3.22%,0.52%,2.94%,1.17%,1.96%,2.19%
16-Apr-2025,(0.06%),0.70%,0.79%,0.46%,(0.90%),0.25%,0.47%
17-Apr-2025,2.84%,1.53%,0.77%,3.71%,0.45%,1.87%,1.77%
21-Apr-2025,1.65%,1.07%,0.69%,0.22%,2.22%,1.18%,1.15%
22-Apr-2025,(0.33%),1.80%,(0.22%),0.48%,(1.94%),0.10%,0.17%
23-Apr-2025,0.68%,(1.93%),2.97%,0.56%,3.66%,0.92%,0.67%
24-Apr-2025,0.12%,(0.37%),(0.33%),(1.52%),(0.24%),(0.39%),(0.34%)
25-Apr-2025,(0.09%),(0.29%),1.36%,0.15%,0.60%,0.29%,(0.86%)
28-Apr-2025,5.26%,0.47%,(0.13%),1.71%,0.13%,1.68%,1.20%
29-Apr-2025,2.26%,(0.59%),0.84%,0.07%,1.04%,0.75%,0.03%
30-Apr-2025,0.38%,0.85%,(0.54%),(0.20%),0.17%,0.20%,(0.01%)
02-May-2025,1.05%,(0.16%),(0.66%),0.22%,0.45%,0.19%,0.05%
05-May-2025,0.81%,0.78%,0.68%,(0.05%),0.11%,0.54%,0.47%
06-May-2025,(0.73%),(0.26%),0.17%,0.15%,0.19%,(0.16%),(0.33%)
07-May-2025,(1.05%),0.72%,(0.43%),0.27%,(0.21%),(0.16%),0.14%
08-May-2025,0.07%,(0.88%),0.11%,0.01%,0.21%,(0.15%),(0.58%)
09-May-2025,(2.12%),(2.01%),(0.25%),(3.25%),(0.25%),(1.61%),(1.10%)
12-May-2025,4.31%,3.57%,5.23%,4.29%,7.91%,4.85%,3.82%
13-May-2025,(1.45%),(1.77%),(2.91%),(1.24%),(3.58%),(2.11%),(1.39%)
14-May-2025,0.61%,(0.62%),0.96%,(0.31%),1.52%,0.37%,0.36%
15-May-2025,2.09%,1.21%,0.88%,1.72%,1.29%,1.46%,1.60%
16-May-2025,0.15%,0.05%,(0.52%),0.22%,(1.43%),(0.24%),(0.17%)
19-May-2025,(1.07%),0.21%,(1.19%),(0.34%),(1.89%),(0.79%),(0.30%)
20-May-2025,(1.12%),(1.23%),(0.58%),(0.75%),0.05%,(0.81%),(1.05%)
21-May-2025,0.32%,0.62%,0.79%,0.45%,0.51%,0.54%,0.52%
22-May-2025,(1.39%),(0.36%),(1.38%),(0.18%),(1.34%),(0.94%),(0.82%)
23-May-2025,1.23%,0.71%,1.08%,0.53%,1.12%,0.95%,0.99%
26-May-2025,0.56%,0.34%,0.65%,0.74%,1.00%,0.62%,0.60%
27-May-2025,(0.89%),(0.72%),(1.09%),(0.97%),(0.66%),(0.86%),(0.70%)
28-May-2025,(0.65%),(0.15%),(0.03%),0.51%,0.11%,(0.11%),(0.30%)
29-May-2025,0.35%,0.21%,0.01%,0.19%,0.88%,0.30%,0.33%
30-May-2025,0.22%,0.90%,(0.99%),(0.73%),(0.06%),(0.04%),(0.33%)
02-Jun-2025,(0.51%),(0.66%),(0.39%),0.33%,(0.57%),(0.41%),(0.14%)
03-Jun-2025,(0.58%),(0.39%),(1.29%),(0.87%),(0.70%),(0.74%),(0.70%)
04-Jun-2025,1.28%,0.86%,0.17%,(0.48%),0.53%,0.58%,0.32%
05-Jun-2025,1.33%,0.43%,(0.29%),1.66%,0.20%,0.66%,0.53%
06-Jun-2025,0.08%,1.49%,0.39%,0.34%,0.61%,0.61%,1.02%
09-Jun-2025,0.37%,0.01%,1.11%,(1.71%),0.58%,0.15%,0.40%
10-Jun-2025,(0.71%),(0.69%),1.20%,(0.83%),1.47%,(0.01%),0.00%
11-Jun-2025,0.72%,(0.76%),0.26%,0.57%,2.20%,0.46%,0.15%
12-Jun-2025,(0.50%),(0.36%),(1.09%),(0.41%),(1.38%),(0.70%),(1.01%)
13-Jun-2025,(0.95%),(1.33%),0.33%,(0.64%),(0.41%),(0.66%),(0.68%)
16-Jun-2025,0.69%,0.93%,1.47%,0.76%,1.36%,1.02%,0.92%
17-Jun-2025,(0.46%),(0.30%),0.54%,(0.26%),0.99%,0.03%,(0.37%)
18-Jun-2025,(0.08%),0.22%,(1.82%),(0.74%),(0.43%),(0.50%),(0.17%)
19-Jun-2025,0.22%,0.07%,(0.79%),(0.09%),(0.89%),(0.23%),(0.08%)
20-Jun-2025,2.30%,1.52%,0.34%,1.12%,0.28%,1.23%,1.29%
23-Jun-2025,(0.64%),(0.83%),(1.23%),(0.49%),(2.40%),(1.05%),(0.56%)
24-Jun-2025,(0.41%),0.64%,(0.09%),0.28%,(0.15%),0.06%,0.29%
25-Jun-2025,1.14%,0.98%,1.60%,0.12%,2.11%,1.19%,0.80%
26-Jun-2025,1.91%,2.10%,(0.09%),0.93%,0.07%,1.13%,1.21%
27-Jun-2025,1.34%,0.76%,(0.02%),1.61%,(0.50%),0.69%,0.35%
30-Jun-2025,(0.98%),(0.67%),0.61%,(1.12%),(0.39%),(0.52%),(0.47%)
01-Jul-2025,1.85%,0.53%,(0.93%),(0.95%),0.31%,0.31%,0.10%
02-Jul-2025,(0.63%),(1.30%),(0.19%),(0.29%),0.23%,(0.53%),(0.35%)
03-Jul-2025,(0.07%),0.06%,(0.66%),(0.13%),0.51%,(0.08%),(0.19%)
04-Jul-2025,0.63%,0.11%,0.56%,1.19%,1.36%,0.68%,0.22%
07-Jul-2025,0.93%,(0.10%),(0.24%),(0.49%),(0.83%),(0.04%),0.00%
08-Jul-2025,(0.25%),0.70%,(0.16%),0.44%,0.72%,0.25%,0.24%
09-Jul-2025,(1.21%),0.49%,(0.66%),(0.70%),(0.31%),(0.46%),(0.18%)
10-Jul-2025,(0.12%),(0.25%),(0.05%),(0.54%),(1.10%),(0.35%),(0.47%)
11-Jul-2025,(1.45%),(1.12%),(3.43%),(0.15%),(1.29%),(1.55%),(0.81%)
14-Jul-2025,(0.77%),(0.04%),(1.33%),0.08%,(1.54%),(0.69%),(0.27%)
15-Jul-2025,0.11%,0.63%,0.92%,0.55%,0.97%,0.60%,0.45%
16-Jul-2025,0.01%,0.04%,(0.25%),(0.31%),1.41%,0.13%,0.06%
17-Jul-2025,(0.62%),(0.47%),(0.74%),(0.54%),(1.52%),(0.73%),(0.40%)
18-Jul-2025,(0.03%),(1.48%),(0.60%),0.50%,0.16%,(0.40%),(0.57%)
21-Jul-2025,(3.21%),2.20%,(0.99%),2.81%,(0.11%),(0.05%),0.49%
22-Jul-2025,(1.11%),0.33%,0.04%,0.53%,(0.85%),(0.23%),(0.12%)
23-Jul-2025,0.84%,0.86%,0.62%,1.02%,0.23%,0.73%,0.63%
24-Jul-2025,(1.52%),(0.50%),(0.98%),(0.35%),(1.40%),(0.96%),(0.63%)
25-Jul-2025,(0.80%),(0.23%),(0.39%),(0.42%),(2.37%),(0.75%),(0.90%)
28-Jul-2025,(0.29%),0.19%,(1.80%),0.77%,0.02%,(0.27%),(0.63%)
29-Jul-2025,2.13%,0.65%,(0.76%),(0.15%),(0.15%),0.50%,0.57%
30-Jul-2025,(0.49%),0.21%,(0.08%),(0.26%),0.35%,(0.07%),0.14%
31-Jul-2025,(1.41%),(0.38%),(0.55%),(0.07%),(0.66%),(0.67%),(0.35%)
01-Aug-2025,0.25%,(0.30%),(1.11%),(0.66%),(2.61%),(0.72%),(0.82%)
04-Aug-2025,1.28%,(1.00%),2.38%,(0.57%),0.74%,0.57%,0.64%
05-Aug-2025,(1.40%),(0.72%),(0.34%),(1.28%),(1.36%),(1.00%),(0.30%)
06-Aug-2025,0.08%,0.39%,(1.03%),(0.06%),(1.62%),(0.34%),(0.31%)
07-Aug-2025,(0.24%),0.51%,0.48%,(0.23%),0.01%,0.13%,0.09%
08-Aug-2025,(1.55%),(1.08%),(0.35%),(0.31%),(0.96%),(0.92%),(0.95%)
11-Aug-2025,1.35%,1.10%,0.14%,0.05%,0.36%,0.70%,0.91%
12-Aug-2025,(0.42%),(1.29%),(0.18%),(0.25%),(0.29%),(0.54%),(0.40%)
13-Aug-2025,0.16%,0.53%,0.03%,(0.08%),0.18%,0.19%,0.54%
14-Aug-2025,(0.24%),0.55%,(0.46%),0.46%,1.48%,0.28%,0.05%
18-Aug-2025,0.58%,0.63%,(0.37%),0.51%,(0.82%),0.18%,1.00%
19-Aug-2025,2.78%,(0.62%),0.17%,0.12%,0.29%,0.63%,0.42%
20-Aug-2025,(0.50%),(0.15%),2.73%,(0.40%),3.90%,0.91%,0.28%
21-Aug-2025,0.84%,0.15%,0.13%,1.08%,0.01%,0.44%,0.13%
22-Aug-2025,(1.09%),(1.34%),(1.57%),(0.66%),(0.59%),(1.11%),(0.85%)
25-Aug-2025,0.24%,(0.03%),2.84%,(0.22%),3.00%,1.04%,0.39%
26-Aug-2025,(1.96%),(0.88%),0.53%,(1.16%),(0.16%),(0.80%),(1.02%)
28-Aug-2025,0.07%,(1.60%),(2.01%),(1.24%),(1.93%),(1.26%),(0.85%)
29-Aug-2025,(2.07%),(0.65%),(0.29%),(0.09%),(2.03%),(1.06%),(0.30%)
01-Sep-2025,(0.24%),(0.11%),0.90%,0.94%,2.03%,0.54%,0.81%
02-Sep-2025,0.93%,(0.64%),(0.04%),(1.19%),(0.05%),(0.12%),(0.18%)
03-Sep-2025,0.45%,1.05%,(0.45%),0.20%,(1.31%),0.12%,0.55%
04-Sep-2025,(0.97%),0.71%,(0.06%),0.61%,(1.09%),(0.15%),0.08%
05-Sep-2025,1.16%,0.22%,(1.53%),(0.19%),(1.26%),(0.18%),0.03%
08-Sep-2025,0.25%,0.27%,(0.96%),(0.01%),(0.81%),(0.18%),0.13%
09-Sep-2025,(0.17%),(0.09%),1.01%,0.07%,4.98%,0.90%,0.39%
10-Sep-2025,0.06%,0.08%,1.99%,0.01%,1.88%,0.72%,0.42%
11-Sep-2025,0.46%,0.20%,0.46%,(0.16%),(1.49%),0.01%,0.13%
12-Sep-2025,0.85%,(0.05%),0.29%,1.15%,1.05%,0.59%,0.43%
15-Sep-2025,0.31%,(0.03%),(0.69%),0.12%,(1.13%),(0.22%),(0.18%)
16-Sep-2025,0.43%,(0.02%),1.09%,0.15%,0.19%,0.37%,0.68%
17-Sep-2025,0.60%,(0.04%),0.86%,(0.17%),0.73%,0.40%,0.36%
18-Sep-2025,0.08%,1.08%,0.12%,0.18%,1.20%,0.52%,0.37%
19-Sep-2025,(0.54%),(1.02%),(0.24%),(1.37%),(0.03%),(0.65%),(0.38%)
22-Sep-2025,(1.19%),(0.28%),(3.01%),(0.05%),(2.64%),(1.37%),(0.49%)
23-Sep-2025,(0.06%),(0.73%),(0.37%),(0.51%),(0.13%),(0.37%),(0.13%)
24-Sep-2025,(0.49%),(0.64%),(0.88%),(0.83%),(0.19%),(0.61%),(0.45%)
25-Sep-2025,(0.77%),(0.13%),(2.57%),(0.50%),(0.66%),(0.91%),(0.66%)
26-Sep-2025,0.38%,(0.51%),(1.97%),(1.18%),(2.42%),(0.97%),(0.95%)
29-Sep-2025,(0.35%),0.56%,(0.10%),(0.85%),(0.49%),(0.17%),(0.08%)
30-Sep-2025,(0.64%),0.07%,(0.27%),(0.01%),-,(0.20%),(0.10%)
01-Oct-2025,0.34%,1.50%,0.89%,1.78%,0.28%,0.95%,0.92%
03-Oct-2025,(0.39%),(0.01%),(0.42%),(0.50%),0.06%,(0.25%),0.23%
06-Oct-2025,0.85%,0.86%,2.98%,(0.13%),2.03%,1.31%,0.74%
07-Oct-2025,0.71%,0.93%,(0.49%),0.92%,(1.19%),0.27%,0.12%
08-Oct-2025,(1.26%),(0.39%),1.80%,(0.41%),2.50%,0.26%,(0.25%)
09-Oct-2025,0.76%,(0.16%),1.14%,0.43%,0.96%,0.59%,0.54%
10-Oct-2025,0.28%,0.39%,(1.09%),0.30%,0.37%,0.05%,0.41%
13-Oct-2025,(0.48%),(0.40%),(0.70%),(0.07%),(1.43%),(0.58%),(0.23%)
14-Oct-2025,0.07%,0.02%,(1.56%),0.34%,(0.22%),(0.27%),(0.32%)
15-Oct-2025,(0.12%),0.11%,0.70%,1.03%,(1.04%),0.14%,0.71%
16-Oct-2025,1.75%,1.65%,0.03%,1.35%,(0.20%),1.03%,1.03%
17-Oct-2025,1.32%,0.82%,(0.29%),1.36%,(2.07%),0.37%,0.49%
20-Oct-2025,3.53%,0.04%,1.79%,(3.22%),1.37%,0.97%,0.52%
21-Oct-2025,(0.11%),0.47%,(0.28%),(0.60%),0.79%,0.06%,0.10%
23-Oct-2025,(1.15%),0.11%,2.21%,(1.32%),3.81%,0.56%,0.09%
24-Oct-2025,0.22%,(1.39%),(0.33%),1.03%,(0.20%),(0.23%),(0.37%)
27-Oct-2025,2.24%,0.82%,0.71%,(0.01%),0.14%,0.93%,0.66%
28-Oct-2025,0.19%,0.06%,(0.88%),(1.05%),(0.29%),(0.31%),(0.11%)
29-Oct-2025,1.16%,0.43%,(0.01%),0.54%,0.68%,0.58%,0.45%
30-Oct-2025,(1.04%),(0.96%),(0.73%),(0.58%),(1.10%),(0.90%),(0.68%)
31-Oct-2025,(0.14%),(1.09%),0.75%,(1.26%),(0.77%),(0.46%),(0.60%)
03-Nov-2025,(0.11%),0.54%,(1.35%),0.08%,0.22%,(0.12%),0.16%
04-Nov-2025,(0.78%),(0.75%),(0.88%),(0.71%),(1.18%),(0.84%),(0.64%)
06-Nov-2025,1.56%,(0.06%),0.69%,(1.23%),(0.08%),0.32%,(0.34%)
07-Nov-2025,(1.21%),(0.24%),(0.63%),1.71%,0.69%,(0.13%),(0.07%)
10-Nov-2025,0.76%,0.22%,1.12%,0.37%,2.49%,0.90%,0.32%
11-Nov-2025,0.28%,0.73%,0.72%,0.76%,1.11%,0.68%,0.47%
12-Nov-2025,1.21%,(0.22%),2.78%,0.04%,1.40%,1.02%,0.70%
13-Nov-2025,(0.04%),(0.29%),(0.83%),1.99%,(0.64%),(0.05%),0.01%
14-Nov-2025,0.53%,0.30%,0.01%,(0.93%),(2.53%),(0.31%),0.12%
17-Nov-2025,(0.04%),0.70%,(0.12%),0.44%,0.32%,0.25%,0.40%
18-Nov-2025,0.07%,(0.41%),(0.49%),(0.41%),(1.41%),(0.45%),(0.40%)
19-Nov-2025,(0.03%),0.22%,1.96%,0.71%,3.68%,1.10%,0.55%
20-Nov-2025,1.99%,1.43%,(0.09%),(0.01%),(0.30%),0.79%,0.54%
21-Nov-2025,(0.16%),(1.07%),0.18%,(0.98%),0.55%,(0.33%),(0.47%)
24-Nov-2025,(0.69%),0.11%,(0.30%),(0.08%),0.19%,(0.19%),(0.42%)
25-Nov-2025,0.25%,(0.94%),(0.70%),(0.77%),(1.12%),(0.60%),(0.29%)
26-Nov-2025,1.96%,1.42%,1.40%,1.27%,1.78%,1.58%,1.24%
27-Nov-2025,(0.41%),0.56%,(0.83%),1.25%,0.55%,0.14%,0.04%
28-Nov-2025,0.26%,(0.19%),0.03%,(0.24%),(0.40%),(0.07%),(0.05%)
01-Dec-2025,(0.09%),(0.55%),(0.13%),0.09%,0.25%,(0.13%),(0.10%)
02-Dec-2025,(1.26%),(1.23%),0.07%,(1.23%),(0.19%),(0.82%),(0.55%)
03-Dec-2025,(0.49%),1.08%,1.41%,1.35%,1.13%,0.80%,(0.18%)
04-Dec-2025,(0.21%),(0.33%),1.55%,(0.34%),1.20%,0.30%,0.18%
05-Dec-2025,0.33%,0.61%,0.28%,0.42%,1.16%,0.53%,0.59%
08-Dec-2025,0.16%,(0.02%),(0.05%),(0.21%),(0.33%),(0.06%),(0.86%)
09-Dec-2025,(0.88%),(0.60%),(0.87%),(1.04%),(0.73%),(0.81%),(0.47%)
10-Dec-2025,0.49%,(0.73%),(0.60%),(0.84%),(0.89%),(0.44%),(0.32%)
11-Dec-2025,0.53%,1.06%,0.08%,(0.26%),0.83%,0.50%,0.55%
12-Dec-2025,0.74%,0.12%,0.90%,0.44%,0.01%,0.46%,0.57%
15-Dec-2025,(0.02%),(0.54%),0.30%,(0.06%),0.54%,(0.01%),(0.08%)
16-Dec-2025,(0.89%),(0.18%),(0.78%),0.06%,(0.87%),(0.54%),(0.64%)
17-Dec-2025,0.14%,(1.04%),0.40%,(1.00%),0.57%,(0.21%),(0.16%)
18-Dec-2025,-,(0.44%),1.96%,0.33%,1.55%,0.56%,(0.01%)
19-Dec-2025,1.34%,0.59%,0.04%,(0.20%),0.73%,0.57%,0.58%
22-Dec-2025,0.66%,0.22%,1.31%,1.06%,3.11%,1.11%,0.79%
23-Dec-2025,(0.30%),0.90%,(0.45%),(0.40%),(1.26%),(0.19%),0.02%
24-Dec-2025,(0.80%),0.06%,0.27%,(0.23%),(0.29%),(0.21%),(0.13%)
26-Dec-2025,0.06%,(0.51%),(1.18%),(0.69%),(0.44%),(0.52%),(0.38%)
29-Dec-2025,(0.87%),(0.04%),(0.87%),(0.53%),(0.69%),(0.58%),(0.38%)
30-Dec-2025,(0.38%),(0.08%),(0.14%),(0.06%),(1.40%),(0.36%),(0.01%)
31-Dec-2025,1.99%,0.03%,(1.25%),0.03%,(0.38%),0.20%,0.74%
